"review_case_id","source_record_id","review_priority","boundary_flags","hr_input","current_intents_json","reviewer_code","decision","proposed_intents_json","review_note"
"INT-RVW-0020","20","HIGH","PAYROLL_ACCOUNT","WRK-155님 통장 사본 제출 부탁드립니다","[{""intent"":""DOCUMENT_REQUEST"",""evidence"":""통장 사본 제출 부탁드립니다""}]","A","KEEP","",""
"INT-RVW-0026","26","HIGH","EXTERNAL_EXECUTION","WRK-256님께 최근 출입국사실증명 제출받아주세요","[{""intent"":""DOCUMENT_REQUEST"",""evidence"":""출입국사실증명 제출받아주세요""}]","A","KEEP","",""
"INT-RVW-0053","53","HIGH","EXTERNAL_EXECUTION","WRK-338 고용보험 신규 취득 신고 처리","[{""intent"":""WORKER_ONBOARDING"",""evidence"":""고용보험 신규 취득 신고 처리""}]","A","KEEP","",""
"INT-RVW-0056","56","HIGH","PAYROLL_ACCOUNT","첨부된 계약서 기준으로 WRK-681님 급여계좌 초기 등록","[{""intent"":""WORKER_ONBOARDING"",""evidence"":""급여계좌 초기 등록""}]","A","KEEP","","이미 첨부된 계약서를 바탕으로 급여계좌 정보를 초기 등록하는 업무이므로 WORKER_ONBOARDING이 적절함"
"INT-RVW-0063","63","HIGH","EXTERNAL_EXECUTION","WRK-458님 사업장 변경 신청 접수됐는지 확인해주세요","[{""intent"":""EMPLOYMENT_CHANGE"",""evidence"":""사업장 변경 신청 접수됐는지 확인""}]","A","KEEP","",""
"INT-RVW-0068","68","HIGH","EXTERNAL_EXECUTION","WRK-103 육아휴직 신청 접수 확인해줘","[{""intent"":""EMPLOYMENT_CHANGE"",""evidence"":""육아휴직 신청 접수 확인""}]","A","KEEP","",""
"INT-RVW-0069","69","HIGH","EXTERNAL_EXECUTION","WRK-214님 연락 두절 5일째, 실종신고 검토 필요","[{""intent"":""EMPLOYMENT_CHANGE"",""evidence"":""연락 두절 5일째, 실종신고 검토 필요""}]","A","KEEP","",""
"INT-RVW-0072","72","HIGH","EXTERNAL_EXECUTION","WRK-547 사업장 이동으로 재직 상태 변경 신고","[{""intent"":""EMPLOYMENT_CHANGE"",""evidence"":""사업장 이동으로 재직 상태 변경 신고""}]","A","KEEP","",""
"INT-RVW-0073","73","HIGH","EXTERNAL_EXECUTION","WRK-658님 무단이탈 확인되어 신고 절차 진행","[{""intent"":""EMPLOYMENT_CHANGE"",""evidence"":""무단이탈 확인되어 신고 절차 진행""}]","A","KEEP","",""
"INT-RVW-0074","74","HIGH","LEAVE_BOUNDARY|EXTERNAL_EXECUTION","WRK-769 결혼으로 인한 장기휴가 신청 접수","[{""intent"":""EMPLOYMENT_CHANGE"",""evidence"":""결혼으로 인한 장기휴가 신청 접수""}]","A","NEEDS_DISCUSSION","","일반 연차·병가·결혼휴가를 EMPLOYMENT_CHANGE로 볼지, 일정/근태 업무로 분리할지 라벨 규칙 합의가 필요함."
"INT-RVW-0079","79","HIGH","EXTERNAL_EXECUTION","WRK-414 비자 만료일 다가오니 연장 신청 진행해줘","[{""intent"":""EXPIRY_RENEWAL"",""evidence"":""비자 만료일 다가오니 연장 신청 진행해줘""}]","A","KEEP","",""
"INT-RVW-0090","90","HIGH","EXTERNAL_EXECUTION","WRK-735님 고용허가기간 연장 신청 진행 부탁드립니다","[{""intent"":""EXPIRY_RENEWAL"",""evidence"":""고용허가기간 연장 신청 진행 부탁드립니다""}]","A","KEEP","",""
"INT-RVW-0153","153","HIGH","PAYROLL_ACCOUNT","WRK-192님께 은행계좌 개설확인서 받아주세요","[{""intent"":""DOCUMENT_REQUEST"",""evidence"":""은행계좌 개설확인서 받아주세요""}]","A","KEEP","",""
"INT-RVW-0156","156","HIGH","EXTERNAL_EXECUTION","WRK-425 코로나 음성확인서 받아서 제출해줘","[{""intent"":""DOCUMENT_REQUEST"",""evidence"":""음성확인서 받아서""}]","A","KEEP","",""
"INT-RVW-0182","182","HIGH","EXTERNAL_EXECUTION","WRK-257 고용보험 최초 취득신고 처리 부탁드립니다","[{""intent"":""WORKER_ONBOARDING"",""evidence"":""고용보험 최초 취득신고 처리""}]","A","KEEP","",""
"INT-RVW-0183","183","HIGH","PAYROLL_ACCOUNT","첨부한 자료로 WRK-368님 초기 급여계좌 등록 진행","[{""intent"":""WORKER_ONBOARDING"",""evidence"":""초기 급여계좌 등록 진행""}]","A","KEEP","",""
"INT-RVW-0198","198","HIGH","EXTERNAL_EXECUTION","WRK-813님 사업장 변경 신청서 접수 확인 부탁드립니다","[{""intent"":""EMPLOYMENT_CHANGE"",""evidence"":""사업장 변경 신청서 접수 확인""}]","A","CHANGE","[{""intent"":""EMPLOYMENT_CHANGE"",""evidence"":""사업장 변경""},{""intent"":""DOCUMENT_REQUEST"",""evidence"":""신청서 접수 확인""}]","사업장 변경 업무와 신청서 접수 상태 확인이 함께 명시되어 있어 DOCUMENT_REQUEST를 추가함. 실제 외부기관 접수 실행 요청은 아님."
"INT-RVW-0200","200","HIGH","EXTERNAL_EXECUTION|LONG_EVIDENCE","WRK-035님 잠적한지 일주일째, 무단이탈 신고 검토 필요","[{""intent"":""EMPLOYMENT_CHANGE"",""evidence"":""잠적한지 일주일째, 무단이탈 신고 검토 필요""}]","A","KEEP","",""
"INT-RVW-0203","203","HIGH","LEAVE_BOUNDARY|EXTERNAL_EXECUTION","WRK-368 다음달부터 출산휴가 신청 접수","[{""intent"":""EMPLOYMENT_CHANGE"",""evidence"":""출산휴가 신청 접수""}]","A","KEEP","",""
"INT-RVW-0204","204","HIGH","EXTERNAL_EXECUTION","WRK-479님 연락두절 상태 지속, 이탈 신고 처리 확인","[{""intent"":""EMPLOYMENT_CHANGE"",""evidence"":""연락두절 상태 지속, 이탈 신고 처리 확인""}]","A","KEEP","","근데 추후에 서류가 필요한 작업"
"INT-RVW-0209","209","HIGH","LEAVE_BOUNDARY|EXTERNAL_EXECUTION","WRK-924 장기 병가 신청 접수 및 상태 변경","[{""intent"":""EMPLOYMENT_CHANGE"",""evidence"":""장기 병가 신청 접수 및 상태 변경""}]","A","KEEP","","근데 추후에 서류가 필요한 작업"
"INT-RVW-0217","217","HIGH","EXTERNAL_EXECUTION","WRK-702님 고용허가서 만료 임박, 연장 신청 진행 부탁드립니다","[{""intent"":""EXPIRY_RENEWAL"",""evidence"":""고용허가서 만료 임박, 연장 신청 진행""}]","A","KEEP","",""
"INT-RVW-0218","218","HIGH","COMPLETED_STATUS","WRK-813 체류자격 갱신 절차 이번달 안에 완료","[{""intent"":""EXPIRY_RENEWAL"",""evidence"":""체류자격 갱신 절차 이번달 안에 완료""}]","A","KEEP","",""
"INT-RVW-0270","270","HIGH","PAYROLL_ACCOUNT","WRK-106님께 통장사본 재발급받아 제출 부탁드립니다","[{""intent"":""DOCUMENT_REQUEST"",""evidence"":""통장사본 재발급받아 제출 부탁드립니다""}]","A","KEEP","",""
"INT-RVW-0272","272","HIGH","PAYROLL_ACCOUNT","WRK-328 급여계좌 변경 후 이체 확인 부탁드려","[{""intent"":""PAYROLL_EXPLANATION"",""evidence"":""급여계좌 변경 후 이체 확인""}]","A","KEEP","",""
"INT-RVW-0282","282","HIGH","EXTERNAL_EXECUTION","WRK-328 고용보험 최초 취득신고 등록","[{""intent"":""WORKER_ONBOARDING"",""evidence"":""고용보험 최초 취득신고 등록""}]","A","CHANGE","[{""intent"":""WORKER_ONBOARDING"",""evidence"":""고용보험 최초 취득""}]","최초 고용보험 취득 업무이므로 WORKER_ONBOARDING은 유지함. 신고 등록은 외부 실행 표현이므로 evidence에서 제외하며 실제 신고는 HR 담당자가 수행해야 함."
"INT-RVW-0283","283","HIGH","PAYROLL_ACCOUNT","업로드된 계약서 기준 WRK-439님 급여계좌 최초 등록 부탁드립니다","[{""intent"":""WORKER_ONBOARDING"",""evidence"":""급여계좌 최초 등록 부탁드립니다""}]","A","KEEP","",""
"INT-RVW-0291","291","HIGH","EXTERNAL_EXECUTION","WRK-217님 무단결근 나흘째, 연락 안돼서 신고 검토 부탁드립니다","[{""intent"":""EMPLOYMENT_CHANGE"",""evidence"":""무단결근 나흘째, 연락 안돼서 신고 검토""}]","A","KEEP","",""
"INT-RVW-0295","295","HIGH","EXTERNAL_EXECUTION","WRK-651님 무단이탈 의심, 소재 파악 및 신고 검토 부탁드립니다","[{""intent"":""EMPLOYMENT_CHANGE"",""evidence"":""무단이탈 의심, 소재 파악 및 신고 검토""}]","A","KEEP","",""
"INT-RVW-0297","297","HIGH","EXTERNAL_EXECUTION","WRK-873님 육아휴직 연장 신청 접수 확인 부탁드립니다","[{""intent"":""EMPLOYMENT_CHANGE"",""evidence"":""육아휴직 연장 신청 접수 확인""}]","A","KEEP","",""
"INT-RVW-0300","300","HIGH","LEAVE_BOUNDARY|EXTERNAL_EXECUTION","WRK-106 병가 신청서 접수 및 상태 반영","[{""intent"":""EMPLOYMENT_CHANGE"",""evidence"":""병가 신청서 접수 및 상태 반영""}]","A","KEEP","",""
"INT-RVW-0307","307","HIGH","EXTERNAL_EXECUTION","WRK-873님 고용허가서 연장 신청 진행 부탁드립니다","[{""intent"":""EXPIRY_RENEWAL"",""evidence"":""고용허가서 연장 신청 진행 부탁드립니다""}]","A","KEEP","",""
"INT-RVW-0318","318","HIGH","EXTERNAL_EXECUTION|LONG_EVIDENCE","WRK-984님 비자 만료 임박, 출입국사무소 방문 일정 조율","[{""intent"":""EXPIRY_RENEWAL"",""evidence"":""비자 만료 임박, 출입국사무소 방문 일정 조율""}]","A","KEEP","",""
"INT-RVW-0319","319","HIGH","EXTERNAL_EXECUTION","WRK-095 체류기간 연장허가 신청 접수 확인해줘","[{""intent"":""EXPIRY_RENEWAL"",""evidence"":""체류기간 연장허가 신청 접수 확인해줘""}]","A","KEEP","",""
"INT-RVW-0361","361","HIGH","PAYROLL_ACCOUNT","wrk-217 통장사본 하나만 다시 받아줘","[{""intent"":""DOCUMENT_REQUEST"",""evidence"":""통장사본 하나만 다시 받아줘""}]","A","KEEP","",""
"INT-RVW-0387","387","HIGH","EXTERNAL_EXECUTION","WRK-328 산재보험 최초 취득신고 처리 부탁드립니다","[{""intent"":""WORKER_ONBOARDING"",""evidence"":""산재보험 최초 취득신고 처리""}]","A","CHANGE","[{""intent"":""WORKER_ONBOARDING"",""evidence"":""산재보험 최초 취득""}]","최초 산재보험 취득 업무이므로 WORKER_ONBOARDING은 유지함. 취득신고 처리는 외부 실행 표현이므로 evidence에서 제외하며 실제 신고는 HR 담당자가 수행해야 함."
"INT-RVW-0392","392","HIGH","PAYROLL_ACCOUNT","업로드된 계약서 참고하여 WRK-873님 급여계좌 신규 등록해주세요","[{""intent"":""WORKER_ONBOARDING"",""evidence"":""급여계좌 신규 등록""}]","A","KEEP","",""
"INT-RVW-0401","401","HIGH","EXTERNAL_EXECUTION","WRK-217님 무단결근 3일째, 연락두절 상태 신고 검토 부탁드립니다","[{""intent"":""EMPLOYMENT_CHANGE"",""evidence"":""무단결근 3일째, 연락두절 상태 신고 검토""}]","A","KEEP","",""
"INT-RVW-0405","405","HIGH","EXTERNAL_EXECUTION","WRK-651님 연락 안된지 나흘째, 무단이탈 신고 검토 부탁드립니다","[{""intent"":""EMPLOYMENT_CHANGE"",""evidence"":""연락 안된지 나흘째, 무단이탈 신고 검토""}]","A","KEEP","",""
"INT-RVW-0406","406","HIGH","EXTERNAL_EXECUTION","WRK-762 사업장 변경 신청 서류 접수 확인해줘","[{""intent"":""EMPLOYMENT_CHANGE"",""evidence"":""사업장 변경 신청 서류 접수 확인해줘""}]","A","KEEP","",""
"INT-RVW-0408","408","HIGH","EXTERNAL_EXECUTION","WRK-984 육아휴직 신청서 접수 및 반영해줘","[{""intent"":""EMPLOYMENT_CHANGE"",""evidence"":""육아휴직 신청서 접수 및 반영해줘""}]","A","KEEP","",""
"INT-RVW-0409","409","HIGH","EXTERNAL_EXECUTION","WRK-095님 연락두절 일주일째, 실종 신고 검토 부탁드립니다","[{""intent"":""EMPLOYMENT_CHANGE"",""evidence"":""연락두절 일주일째, 실종 신고 검토""}]","A","KEEP","",""
"INT-RVW-0411","411","HIGH","LEAVE_BOUNDARY|EXTERNAL_EXECUTION","wrk-217 병가 신청서 접수해서 상태 반영해줘","[{""intent"":""EMPLOYMENT_CHANGE"",""evidence"":""병가 신청서 접수해서 상태 반영해줘""}]","A","KEEP","",""
"INT-RVW-0414","414","HIGH","LEAVE_BOUNDARY|EXTERNAL_EXECUTION","WRK-540님 장기 병가 신청 접수 및 재직상태 변경","[{""intent"":""EMPLOYMENT_CHANGE"",""evidence"":""장기 병가 신청 접수 및 재직상태 변경""}]","A","KEEP","",""
"INT-RVW-0425","425","HIGH","EXTERNAL_EXECUTION","회사 홈페이지 디자인 좀 리뉴얼해줘","[{""intent"":""OUT_OF_SCOPE"",""evidence"":null}]","A","KEEP","",""
"INT-RVW-0467","467","HIGH","PAYROLL_ACCOUNT","wrk-217 통장사본이랑 여권사본 같이 받아줘","[{""intent"":""DOCUMENT_REQUEST"",""evidence"":""통장사본이랑 여권사본 같이 받아줘""}]","A","KEEP","",""
"INT-RVW-0479","479","HIGH","PAYROLL_ACCOUNT","WRK-439 급여계좌 오류로 인한 미입금 확인해줘","[{""intent"":""PAYROLL_EXPLANATION"",""evidence"":""급여계좌 오류로 인한 미입금 확인해줘""}]","A","KEEP","",""
"INT-RVW-0482","482","HIGH","EXTERNAL_EXECUTION","WRK-762 신입 근로자 고용보험 최초 취득신고","[{""intent"":""WORKER_ONBOARDING"",""evidence"":""고용보험 최초 취득신고""}]","A","CHANGE","[{""intent"":""WORKER_ONBOARDING"",""evidence"":""고용보험 최초 취득""}]","최초 보험 취득은 WORKER_ONBOARDING으로 유지하되, 외부기관 신고 실행 표현은 evidence에서 제외함."
"INT-RVW-0489","489","HIGH","PAYROLL_ACCOUNT","첨부한 계약서 기반 WRK-439 급여계좌 신규 등록 진행","[{""intent"":""WORKER_ONBOARDING"",""evidence"":""급여계좌 신규 등록 진행""}]","A","KEEP","",""
"INT-RVW-0491","491","HIGH","EXTERNAL_EXECUTION","WRK-651님 무단결근 이틀째, 연락 시도 후 신고 검토 부탁드립니다","[{""intent"":""EMPLOYMENT_CHANGE"",""evidence"":""무단결근 이틀째, 연락 시도 후 신고 검토""}]","A","KEEP","",""
"INT-RVW-0493","493","HIGH","EXTERNAL_EXECUTION","WRK-873님 사업장 이동 신청 접수 확인 부탁드립니다","[{""intent"":""EMPLOYMENT_CHANGE"",""evidence"":""사업장 이동 신청 접수 확인""}]","A","KEEP","",""
"INT-RVW-0495","495","HIGH","EXTERNAL_EXECUTION","WRK-095님 잠적 상태 지속, 무단이탈 신고 검토 부탁드립니다","[{""intent"":""EMPLOYMENT_CHANGE"",""evidence"":""잠적 상태 지속, 무단이탈 신고 검토""}]","A","KEEP","",""
"INT-RVW-0498","498","HIGH","EXTERNAL_EXECUTION","WRK-328님 육아휴직 신청 접수 및 반영 부탁드립니다","[{""intent"":""EMPLOYMENT_CHANGE"",""evidence"":""육아휴직 신청 접수 및 반영 부탁드립니다""}]","A","KEEP","",""
"INT-RVW-0499","499","HIGH","EXTERNAL_EXECUTION","WRK-439 연락두절 상태로 실종신고 검토 필요","[{""intent"":""EMPLOYMENT_CHANGE"",""evidence"":""연락두절 상태로 실종신고 검토 필요""}]","A","KEEP","",""
"INT-RVW-0504","504","HIGH","LEAVE_BOUNDARY|EXTERNAL_EXECUTION","WRK-984님 결혼휴가 신청 접수 확인 부탁드립니다","[{""intent"":""EMPLOYMENT_CHANGE"",""evidence"":""결혼휴가 신청 접수 확인""}]","A","NEEDS_DISCUSSION","","일반 연차·병가·결혼휴가를 EMPLOYMENT_CHANGE로 볼지, 일정/근태 업무로 분리할지 라벨 규칙 합의가 필요함."
"INT-RVW-0511","511","HIGH","COMPLETED_STATUS","WRK-651 근로계약 재계약 협의 이번주까지 완료","[{""intent"":""EXPIRY_RENEWAL"",""evidence"":""근로계약 재계약 협의 이번주까지 완료""}]","A","KEEP","",""
"INT-RVW-0519","519","HIGH","EXTERNAL_EXECUTION","WRK-439 외국인등록증 재발급 및 갱신 신청 진행","[{""intent"":""EXPIRY_RENEWAL"",""evidence"":""외국인등록증 재발급 및 갱신 신청 진행""}]","A","CHANGE","[{""intent"":""EXPIRY_RENEWAL"",""evidence"":""외국인등록증 재발급 및 갱신""}]","지원 Intent는 유지하고, 기관 신고·신청·접수 실행 표현 또는 다른 Intent 문구를 evidence에서 분리함."
"INT-RVW-0523","523","HIGH","EXTERNAL_EXECUTION","WRK-873 체류기간 연장 신청서 접수 여부 확인해줘","[{""intent"":""EXPIRY_RENEWAL"",""evidence"":""체류기간 연장 신청서 접수 여부 확인해줘""}]","A","CHANGE","[{""intent"":""EXPIRY_RENEWAL"",""evidence"":""체류기간 연장""},{""intent"":""DOCUMENT_REQUEST"",""evidence"":""신청서 접수 여부 확인해줘""}]","신청서라는 구체 서류의 접수 상태 확인이 명시되어 DOCUMENT_REQUEST를 추가함."
"INT-RVW-0528","528","HIGH","COMPLETED_STATUS","WRK-328님 고용허가기간 만료 전 연장 신청 완료 부탁드립니다","[{""intent"":""EXPIRY_RENEWAL"",""evidence"":""고용허가기간 만료 전 연장 신청 완료""}]","A","KEEP","",""
"INT-RVW-0529","529","HIGH","EXTERNAL_EXECUTION|LONG_EVIDENCE","WRK-439 외국인등록증 만료 다가와서 미리 갱신 신청해줘","[{""intent"":""EXPIRY_RENEWAL"",""evidence"":""외국인등록증 만료 다가와서 미리 갱신 신청해줘""}]","A","CHANGE","[{""intent"":""EXPIRY_RENEWAL"",""evidence"":""외국인등록증 만료 다가와서 미리 갱신""}]","지원 Intent는 유지하고, 기관 신고·신청·접수 실행 표현 또는 다른 Intent 문구를 evidence에서 분리함."
"INT-RVW-0535","535","HIGH","EXTERNAL_EXECUTION","WRK-095 체류연장 허가 신청 진행상황 확인해줘","[{""intent"":""EXPIRY_RENEWAL"",""evidence"":""체류연장 허가 신청 진행상황 확인해줘""}]","A","KEEP","",""
"INT-RVW-0565","565","HIGH","PAYROLL_ACCOUNT","WRK-095님 통장사본과 신분증 함께 제출받아주세요","[{""intent"":""DOCUMENT_REQUEST"",""evidence"":""통장사본과 신분증 함께 제출받아주세요""}]","A","KEEP","",""
"INT-RVW-0578","578","HIGH","PAYROLL_ACCOUNT","WRK-328님 통장사본 재요청드립니다","[{""intent"":""DOCUMENT_REQUEST"",""evidence"":""통장사본 재요청드립니다""}]","A","KEEP","",""
"INT-RVW-0594","594","HIGH","PAYROLL_ACCOUNT","WRK-984님 이번달 급여이체 계좌 변경 확인 부탁드립니다","[{""intent"":""PAYROLL_EXPLANATION"",""evidence"":""급여이체 계좌 변경 확인""}]","A","CHANGE","[{""intent"":""WORKER_ONBOARDING"",""evidence"":""급여이체 계좌 변경 확인""}]","급여 금액·공제 설명이 아니라 계좌 또는 기본정보의 최초 등록·변경 업무이므로 WORKER_ONBOARDING 경계로 수정함."
"INT-RVW-0605","605","HIGH","PAYROLL_ACCOUNT","첨부한 계약서 기반 WRK-095님 급여계좌 초기 등록 부탁드립니다","[{""intent"":""WORKER_ONBOARDING"",""evidence"":""급여계좌 초기 등록 부탁드립니다""}]","A","KEEP","",""
"INT-RVW-0608","608","HIGH","EXTERNAL_EXECUTION","WRK-328님 건강보험 최초 취득신고 부탁드립니다","[{""intent"":""WORKER_ONBOARDING"",""evidence"":""건강보험 최초 취득신고 부탁드립니다""}]","A","CHANGE","[{""intent"":""WORKER_ONBOARDING"",""evidence"":""건강보험 최초 취득""}]","최초 보험 취득은 WORKER_ONBOARDING으로 유지하되, 외부기관 신고 실행 표현은 evidence에서 제외함."
"INT-RVW-0616","616","HIGH","PAYROLL_ACCOUNT","업로드된 계약서로 WRK-106님 급여계좌 및 프로필 최초 등록해줘","[{""intent"":""WORKER_ONBOARDING"",""evidence"":""급여계좌 및 프로필 최초 등록해줘""}]","A","KEEP","",""
"INT-RVW-0619","619","HIGH","EXTERNAL_EXECUTION","WRK-439 신규 입사자 국민연금 최초 취득신고 처리","[{""intent"":""WORKER_ONBOARDING"",""evidence"":""국민연금 최초 취득신고 처리""}]","A","CHANGE","[{""intent"":""WORKER_ONBOARDING"",""evidence"":""국민연금 최초 취득""}]","최초 보험 취득은 WORKER_ONBOARDING으로 유지하되, 외부기관 신고 실행 표현은 evidence에서 제외함."
"INT-RVW-0621","621","HIGH","EXTERNAL_EXECUTION","WRK-651님 무단결근 이틀째, 연락 두절되어 신고 검토 부탁드립니다","[{""intent"":""EMPLOYMENT_CHANGE"",""evidence"":""무단결근 이틀째, 연락 두절되어 신고 검토""}]","A","KEEP","",""
"INT-RVW-0623","623","HIGH","EXTERNAL_EXECUTION","WRK-873님 사업장 변경 접수 상태 확인 부탁드립니다","[{""intent"":""EMPLOYMENT_CHANGE"",""evidence"":""사업장 변경 접수 상태 확인""}]","A","KEEP","",""
"INT-RVW-0625","625","HIGH","EXTERNAL_EXECUTION","WRK-095님 무단이탈 의심되어 소재 파악 및 신고 검토 부탁드립니다","[{""intent"":""EMPLOYMENT_CHANGE"",""evidence"":""무단이탈 의심되어 소재 파악 및 신고 검토""}]","A","KEEP","",""
"INT-RVW-0627","627","HIGH","LEAVE_BOUNDARY|EXTERNAL_EXECUTION","wrk-217 병가 낸다는데 신청서 접수해서 반영해줘","[{""intent"":""EMPLOYMENT_CHANGE"",""evidence"":""병가 낸다는데 신청서 접수해서 반영해줘""}]","A","NEEDS_DISCUSSION","","일반 연차·병가·결혼휴가를 EMPLOYMENT_CHANGE로 볼지, 일정/근태 업무로 분리할지 라벨 규칙 합의가 필요함."
"INT-RVW-0632","632","HIGH","LEAVE_BOUNDARY|EXTERNAL_EXECUTION","WRK-762님 출산휴가 신청 접수 및 반영 부탁드립니다","[{""intent"":""EMPLOYMENT_CHANGE"",""evidence"":""출산휴가 신청 접수 및 반영 부탁드립니다""}]","A","KEEP","",""
"INT-RVW-0633","633","HIGH","EXTERNAL_EXECUTION","WRK-873 연락두절 나흘째, 실종신고 검토 필요해","[{""intent"":""EMPLOYMENT_CHANGE"",""evidence"":""연락두절 나흘째, 실종신고 검토 필요해""}]","A","KEEP","",""
"INT-RVW-0634","634","HIGH","EXTERNAL_EXECUTION","WRK-984님 사업장 변경 신청서 접수 확인 부탁드립니다","[{""intent"":""EMPLOYMENT_CHANGE"",""evidence"":""사업장 변경 신청서 접수 확인""}]","A","CHANGE","[{""intent"":""EMPLOYMENT_CHANGE"",""evidence"":""사업장 변경""},{""intent"":""DOCUMENT_REQUEST"",""evidence"":""신청서 접수 확인""}]","신청서라는 구체 서류의 접수 상태 확인이 명시되어 DOCUMENT_REQUEST를 추가함."
"INT-RVW-0636","636","HIGH","LEAVE_BOUNDARY|EXTERNAL_EXECUTION","WRK-106님 결혼휴가 신청 접수 및 반영 부탁드립니다","[{""intent"":""EMPLOYMENT_CHANGE"",""evidence"":""결혼휴가 신청 접수 및 반영 부탁드립니다""}]","A","NEEDS_DISCUSSION","","일반 연차·병가·결혼휴가를 EMPLOYMENT_CHANGE로 볼지, 일정/근태 업무로 분리할지 라벨 규칙 합의가 필요함."
"INT-RVW-0637","637","HIGH","EXTERNAL_EXECUTION","WRK-217 육아휴직 연장 신청 접수 확인해줘","[{""intent"":""EMPLOYMENT_CHANGE"",""evidence"":""육아휴직 연장 신청 접수 확인해줘""}]","A","KEEP","",""
"INT-RVW-0697","697","HIGH","EXTERNAL_EXECUTION","WRK-439 재직증명서 발급받아 제출해달라고 전해줘","[{""intent"":""DOCUMENT_REQUEST"",""evidence"":""재직증명서 발급받아 제출해달라고 전해줘""}]","A","KEEP","",""
"INT-RVW-0701","701","HIGH","PAYROLL_ACCOUNT","WRK-873 통장사본 최신본 받아서 등록해줘","[{""intent"":""DOCUMENT_REQUEST"",""evidence"":""통장사본 최신본 받아서""}]","A","KEEP","",""
"INT-RVW-0705","705","HIGH","PAYROLL_ACCOUNT","wrk-217 여권 사진면이랑 통장사본 같이 받아줘","[{""intent"":""DOCUMENT_REQUEST"",""evidence"":""여권 사진면이랑 통장사본 같이 받아줘""}]","A","KEEP","",""
"INT-RVW-0721","721","HIGH","PAYROLL_ACCOUNT|LONG_EVIDENCE","첨부한 계약서 기반 WRK-873님 신규 등록 및 급여계좌 초기 등록 부탁드립니다","[{""intent"":""WORKER_ONBOARDING"",""evidence"":""신규 등록 및 급여계좌 초기 등록 부탁드립니다""}]","A","KEEP","",""
"INT-RVW-0722","722","HIGH","EXTERNAL_EXECUTION","WRK-984 산재보험 최초 취득신고 처리","[{""intent"":""WORKER_ONBOARDING"",""evidence"":""산재보험 최초 취득신고 처리""}]","A","CHANGE","[{""intent"":""WORKER_ONBOARDING"",""evidence"":""산재보험 최초 취득""}]","최초 보험 취득은 WORKER_ONBOARDING으로 유지하되, 외부기관 신고 실행 표현은 evidence에서 제외함."
"INT-RVW-0734","734","HIGH","PAYROLL_ACCOUNT","업로드한 계약서로 WRK-106님 급여계좌 신규 등록해주세요","[{""intent"":""WORKER_ONBOARDING"",""evidence"":""급여계좌 신규 등록""}]","A","KEEP","",""
"INT-RVW-0736","736","HIGH","EXTERNAL_EXECUTION","WRK-328님 무단결근 이틀째, 연락두절 신고 검토 부탁드립니다","[{""intent"":""EMPLOYMENT_CHANGE"",""evidence"":""무단결근 이틀째, 연락두절 신고 검토""}]","A","KEEP","",""
"INT-RVW-0738","738","HIGH","EXTERNAL_EXECUTION","WRK-540님 사업장 변경 신청 접수여부 확인 부탁드립니다","[{""intent"":""EMPLOYMENT_CHANGE"",""evidence"":""사업장 변경 신청 접수여부 확인""}]","A","KEEP","",""
"INT-RVW-0740","740","HIGH","EXTERNAL_EXECUTION","WRK-762님 연락 두절 상태 지속, 무단이탈 신고 검토 부탁드립니다","[{""intent"":""EMPLOYMENT_CHANGE"",""evidence"":""연락 두절 상태 지속, 무단이탈 신고 검토""}]","A","KEEP","",""
"INT-RVW-0743","743","HIGH","EXTERNAL_EXECUTION","WRK-095 육아휴직 신청 접수 반영해줘","[{""intent"":""EMPLOYMENT_CHANGE"",""evidence"":""육아휴직 신청 접수 반영해줘""}]","A","KEEP","",""
"INT-RVW-0744","744","HIGH","EXTERNAL_EXECUTION","WRK-106님 연락두절 일주일째, 실종신고 검토 부탁드립니다","[{""intent"":""EMPLOYMENT_CHANGE"",""evidence"":""연락두절 일주일째, 실종신고 검토""}]","A","KEEP","",""
"INT-RVW-0748","748","HIGH","EXTERNAL_EXECUTION|LONG_EVIDENCE","WRK-540님 무단이탈 확인되어 신고 절차 진행 부탁드립니다","[{""intent"":""EMPLOYMENT_CHANGE"",""evidence"":""무단이탈 확인되어 신고 절차 진행 부탁드립니다""}]","A","CHANGE","[{""intent"":""EMPLOYMENT_CHANGE"",""evidence"":""무단이탈 확인되어""}]","지원 Intent는 유지하고, 기관 신고·신청·접수 실행 표현 또는 다른 Intent 문구를 evidence에서 분리함."
"INT-RVW-0749","749","HIGH","LEAVE_BOUNDARY|EXTERNAL_EXECUTION","WRK-651 결혼으로 인한 장기휴가 신청 접수해줘","[{""intent"":""EMPLOYMENT_CHANGE"",""evidence"":""장기휴가 신청 접수해줘""}]","A","NEEDS_DISCUSSION","","일반 연차·병가·결혼휴가를 EMPLOYMENT_CHANGE로 볼지, 일정/근태 업무로 분리할지 라벨 규칙 합의가 필요함."
"INT-RVW-0756","756","HIGH","COMPLETED_STATUS|LONG_EVIDENCE","WRK-328님 고용허가 갱신 절차 이번주 완료 부탁드립니다","[{""intent"":""EXPIRY_RENEWAL"",""evidence"":""고용허가 갱신 절차 이번주 완료 부탁드립니다""}]","A","KEEP","",""
"INT-RVW-0765","765","HIGH","EXTERNAL_EXECUTION","WRK-217 고용허가기간 연장 신청 진행해줘","[{""intent"":""EXPIRY_RENEWAL"",""evidence"":""고용허가기간 연장 신청 진행해줘""}]","A","CHANGE","[{""intent"":""EXPIRY_RENEWAL"",""evidence"":""고용허가기간 연장""}]","지원 Intent는 유지하고, 기관 신고·신청·접수 실행 표현 또는 다른 Intent 문구를 evidence에서 분리함."
"INT-RVW-0781","781","HIGH","PAYROLL_ACCOUNT","WRK-873님 통장사본 재제출 요청 부탁드립니다","[{""intent"":""DOCUMENT_REQUEST"",""evidence"":""통장사본 재제출 요청 부탁드립니다""}]","A","KEEP","",""
"INT-RVW-0797","797","HIGH","EXTERNAL_EXECUTION","WRK-439 고용보험 최초 취득신고 처리해줘","[{""intent"":""WORKER_ONBOARDING"",""evidence"":""고용보험 최초 취득신고 처리해줘""}]","A","CHANGE","[{""intent"":""WORKER_ONBOARDING"",""evidence"":""고용보험 최초 취득""}]","최초 보험 취득은 WORKER_ONBOARDING으로 유지하되, 외부기관 신고 실행 표현은 evidence에서 제외함."
"INT-RVW-0800","800","HIGH","PAYROLL_ACCOUNT","첨부한 계약서 기반 WRK-762님 급여계좌 초기 등록 부탁드립니다","[{""intent"":""WORKER_ONBOARDING"",""evidence"":""급여계좌 초기 등록 부탁드립니다""}]","A","KEEP","",""
"INT-RVW-0803","803","HIGH","EXTERNAL_EXECUTION","WRK-095님 건강보험 최초 취득신고 부탁드립니다","[{""intent"":""WORKER_ONBOARDING"",""evidence"":""건강보험 최초 취득신고 부탁드립니다""}]","A","CHANGE","[{""intent"":""WORKER_ONBOARDING"",""evidence"":""건강보험 최초 취득""}]","최초 보험 취득은 WORKER_ONBOARDING으로 유지하되, 외부기관 신고 실행 표현은 evidence에서 제외함."
"INT-RVW-0807","807","HIGH","EXTERNAL_EXECUTION","WRK-439님 무단결근 사흘째, 연락두절 신고 검토 부탁드립니다","[{""intent"":""EMPLOYMENT_CHANGE"",""evidence"":""무단결근 사흘째, 연락두절 신고 검토""}]","A","KEEP","",""
"INT-RVW-0809","809","HIGH","EXTERNAL_EXECUTION","WRK-651님 사업장 변경 신청 접수 확인 부탁드립니다","[{""intent"":""EMPLOYMENT_CHANGE"",""evidence"":""사업장 변경 신청 접수 확인""}]","A","KEEP","",""
"INT-RVW-0811","811","HIGH","EXTERNAL_EXECUTION","WRK-873님 연락 두절 닷새째, 무단이탈 신고 검토 부탁드립니다","[{""intent"":""EMPLOYMENT_CHANGE"",""evidence"":""연락 두절 닷새째, 무단이탈 신고 검토""}]","A","KEEP","",""
"INT-RVW-0814","814","HIGH","EXTERNAL_EXECUTION","WRK-106 육아휴직 신청 접수 및 반영해줘","[{""intent"":""EMPLOYMENT_CHANGE"",""evidence"":""육아휴직 신청 접수 및 반영해줘""}]","A","KEEP","",""
"INT-RVW-0815","815","HIGH","EXTERNAL_EXECUTION","WRK-217님 연락두절 열흘째, 실종신고 검토 부탁드립니다","[{""intent"":""EMPLOYMENT_CHANGE"",""evidence"":""연락두절 열흘째, 실종신고 검토""}]","A","KEEP","",""
"INT-RVW-0817","817","HIGH","LEAVE_BOUNDARY|EXTERNAL_EXECUTION","WRK-439님 병가 신청 접수 및 반영 부탁드립니다","[{""intent"":""EMPLOYMENT_CHANGE"",""evidence"":""병가 신청 접수 및 반영 부탁드립니다""}]","A","NEEDS_DISCUSSION","","일반 연차·병가·결혼휴가를 EMPLOYMENT_CHANGE로 볼지, 일정/근태 업무로 분리할지 라벨 규칙 합의가 필요함."
"INT-RVW-0819","819","HIGH","EXTERNAL_EXECUTION|LONG_EVIDENCE","WRK-651님 무단이탈 확인되어 신고 절차 진행 부탁드립니다","[{""intent"":""EMPLOYMENT_CHANGE"",""evidence"":""무단이탈 확인되어 신고 절차 진행 부탁드립니다""}]","A","CHANGE","[{""intent"":""EMPLOYMENT_CHANGE"",""evidence"":""무단이탈 확인되어""}]","지원 Intent는 유지하고, 기관 신고·신청·접수 실행 표현 또는 다른 Intent 문구를 evidence에서 분리함."
"INT-RVW-0824","824","HIGH","EXTERNAL_EXECUTION","WRK-106 비자 만료일 다가오니 연장신청 진행해줘","[{""intent"":""EXPIRY_RENEWAL"",""evidence"":""비자 만료일 다가오니 연장신청 진행해줘""}]","A","CHANGE","[{""intent"":""EXPIRY_RENEWAL"",""evidence"":""비자 만료일 다가오니 연장""}]","지원 Intent는 유지하고, 기관 신고·신청·접수 실행 표현 또는 다른 Intent 문구를 evidence에서 분리함."
"INT-RVW-0845","845","HIGH","PAYROLL_ACCOUNT","WRK-105 통장사본 좀 받아서 등록 마무리하자","[{""intent"":""DOCUMENT_REQUEST"",""evidence"":""통장사본 좀 받아서""},{""intent"":""WORKER_ONBOARDING"",""evidence"":""등록 마무리하자""}]","A","KEEP","",""
"INT-RVW-0847","847","HIGH","COMPLETED_STATUS","WRK-107 계약서와 여권 사본을 받아 신규 근로자 등록을 완료해주시기 바랍니다.","[{""intent"":""DOCUMENT_REQUEST"",""evidence"":""계약서와 여권 사본을 받아""},{""intent"":""WORKER_ONBOARDING"",""evidence"":""신규 근로자 등록을 완료""}]","A","KEEP","",""
"INT-RVW-0849","849","HIGH","PAYROLL_ACCOUNT|COMPLETED_STATUS","WRK-109: 사진, 통장사본 받아서 초기 프로필 생성 완료할 것","[{""intent"":""DOCUMENT_REQUEST"",""evidence"":""사진, 통장사본 받아서""},{""intent"":""WORKER_ONBOARDING"",""evidence"":""초기 프로필 생성 완료할 것""}]","A","KEEP","",""
"INT-RVW-0856","856","HIGH","PAYROLL_ACCOUNT","신규 입사 예정인 WRK-116의 통장사본을 받아서 등록 프로필을 생성해주세요.","[{""intent"":""DOCUMENT_REQUEST"",""evidence"":""통장사본을 받아서""},{""intent"":""WORKER_ONBOARDING"",""evidence"":""등록 프로필을 생성""}]","A","KEEP","",""
"INT-RVW-0866","866","HIGH","PAYROLL_ACCOUNT","WRK-126 통장사본 받아서 등록 처리해줄래?","[{""intent"":""DOCUMENT_REQUEST"",""evidence"":""통장사본 받아서""},{""intent"":""WORKER_ONBOARDING"",""evidence"":""등록 처리해줄래""}]","A","KEEP","",""
"INT-RVW-0867","867","HIGH","COMPLETED_STATUS","WRK-127: 계약서 받아서 시스템 등록 완료","[{""intent"":""DOCUMENT_REQUEST"",""evidence"":""계약서 받아서""},{""intent"":""WORKER_ONBOARDING"",""evidence"":""시스템 등록 완료""}]","A","NEEDS_DISCUSSION","","‘완료’가 과거 상태 보고인지 ‘완료해 달라’는 축약 요청인지 문장만으로 확정하기 어려움."
"INT-RVW-0875","875","HIGH","EXTERNAL_EXECUTION","WRK-205 등록증 받아서 체류연장 신청해야 돼","[{""intent"":""DOCUMENT_REQUEST"",""evidence"":""등록증 받아서""},{""intent"":""EXPIRY_RENEWAL"",""evidence"":""체류연장 신청해야 돼""}]","A","CHANGE","[{""intent"":""DOCUMENT_REQUEST"",""evidence"":""등록증 받아서""},{""intent"":""EXPIRY_RENEWAL"",""evidence"":""체류연장""}]","지원 Intent는 유지하고, 기관 신고·신청·접수 실행 표현 또는 다른 Intent 문구를 evidence에서 분리함."
"INT-RVW-0888","888","HIGH","EXTERNAL_EXECUTION","WRK-218 계약서, 여권 확보 후 체류연장 신청 접수","[{""intent"":""DOCUMENT_REQUEST"",""evidence"":""계약서, 여권 확보""},{""intent"":""EXPIRY_RENEWAL"",""evidence"":""체류연장 신청 접수""}]","A","CHANGE","[{""intent"":""DOCUMENT_REQUEST"",""evidence"":""계약서, 여권 확보""},{""intent"":""EXPIRY_RENEWAL"",""evidence"":""체류연장""}]","지원 Intent는 유지하고, 기관 신고·신청·접수 실행 표현 또는 다른 Intent 문구를 evidence에서 분리함."
"INT-RVW-0891","891","HIGH","COMPLETED_STATUS","WRK-221: 계약서 서명본 받아 재계약 처리 완료","[{""intent"":""DOCUMENT_REQUEST"",""evidence"":""계약서 서명본 받아""},{""intent"":""EXPIRY_RENEWAL"",""evidence"":""재계약 처리 완료""}]","A","NEEDS_DISCUSSION","","‘완료’가 과거 상태 보고인지 ‘완료해 달라’는 축약 요청인지 문장만으로 확정하기 어려움."
"INT-RVW-0892","892","HIGH","EXTERNAL_EXECUTION","WRK-222의 여권과 계약서를 받아서 체류기간 연장 신청을 접수하겠습니다.","[{""intent"":""DOCUMENT_REQUEST"",""evidence"":""여권과 계약서를 받아서""},{""intent"":""EXPIRY_RENEWAL"",""evidence"":""체류기간 연장 신청을 접수""}]","A","CHANGE","[{""intent"":""DOCUMENT_REQUEST"",""evidence"":""여권과 계약서를 받아서""},{""intent"":""EXPIRY_RENEWAL"",""evidence"":""체류기간 연장""}]","지원 Intent는 유지하고, 기관 신고·신청·접수 실행 표현 또는 다른 Intent 문구를 evidence에서 분리함."
"INT-RVW-0900","900","HIGH","EXTERNAL_EXECUTION","WRK-230 계약서, 등록증 받아서 고용허가 연장 신청 접수","[{""intent"":""DOCUMENT_REQUEST"",""evidence"":""계약서, 등록증 받아서""},{""intent"":""EXPIRY_RENEWAL"",""evidence"":""고용허가 연장 신청 접수""}]","A","CHANGE","[{""intent"":""DOCUMENT_REQUEST"",""evidence"":""계약서, 등록증 받아서""},{""intent"":""EXPIRY_RENEWAL"",""evidence"":""고용허가 연장""}]","지원 Intent는 유지하고, 기관 신고·신청·접수 실행 표현 또는 다른 Intent 문구를 evidence에서 분리함."
"INT-RVW-0901","901","HIGH","PAYROLL_ACCOUNT","WRK-301의 통장사본을 받아서 이번 달 급여 지급 내역을 안내드리겠습니다.","[{""intent"":""DOCUMENT_REQUEST"",""evidence"":""통장사본을 받아서""},{""intent"":""PAYROLL_EXPLANATION"",""evidence"":""급여 지급 내역을 안내""}]","A","KEEP","",""
"INT-RVW-0905","905","HIGH","PAYROLL_ACCOUNT","WRK-305 통장사본 받아서 급여 입금 확인해줘","[{""intent"":""DOCUMENT_REQUEST"",""evidence"":""통장사본 받아서""},{""intent"":""PAYROLL_EXPLANATION"",""evidence"":""급여 입금 확인해줘""}]","A","KEEP","",""
"INT-RVW-0909","909","HIGH","PAYROLL_ACCOUNT","WRK-309: 통장사본 확보, 급여 계산 안내","[{""intent"":""DOCUMENT_REQUEST"",""evidence"":""통장사본 확보""},{""intent"":""PAYROLL_EXPLANATION"",""evidence"":""급여 계산 안내""}]","A","KEEP","",""
"INT-RVW-0911","911","HIGH","PAYROLL_ACCOUNT","WRK-311 통장사본 받아서 급여 얼마 들어갔는지 확인시켜줘","[{""intent"":""DOCUMENT_REQUEST"",""evidence"":""통장사본 받아서""},{""intent"":""PAYROLL_EXPLANATION"",""evidence"":""급여 얼마 들어갔는지 확인시켜줘""}]","A","KEEP","",""
"INT-RVW-0915","915","HIGH","PAYROLL_ACCOUNT","WRK-315: 통장사본 받아 급여 지급일 안내","[{""intent"":""DOCUMENT_REQUEST"",""evidence"":""통장사본 받아""},{""intent"":""PAYROLL_EXPLANATION"",""evidence"":""급여 지급일 안내""}]","A","KEEP","",""
"INT-RVW-0918","918","HIGH","PAYROLL_ACCOUNT","WRK-318 통장사본 확보, 급여 오류 정정 안내","[{""intent"":""DOCUMENT_REQUEST"",""evidence"":""통장사본 확보""},{""intent"":""PAYROLL_EXPLANATION"",""evidence"":""급여 오류 정정 안내""}]","A","KEEP","",""
"INT-RVW-0922","922","HIGH","PAYROLL_ACCOUNT","WRK-322의 통장사본을 받아서 급여 이체 오류 여부를 확인해드리겠습니다.","[{""intent"":""DOCUMENT_REQUEST"",""evidence"":""통장사본을 받아서""},{""intent"":""PAYROLL_EXPLANATION"",""evidence"":""급여 이체 오류 여부를 확인""}]","A","KEEP","",""
"INT-RVW-0926","926","HIGH","PAYROLL_ACCOUNT","WRK-326 통장사본 받아서 급여 명세 설명해줘","[{""intent"":""DOCUMENT_REQUEST"",""evidence"":""통장사본 받아서""},{""intent"":""PAYROLL_EXPLANATION"",""evidence"":""급여 명세 설명해줘""}]","A","KEEP","",""
"INT-RVW-0930","930","HIGH","PAYROLL_ACCOUNT","WRK-330 통장사본 확보, 급여 지급 내역 정리 및 안내","[{""intent"":""DOCUMENT_REQUEST"",""evidence"":""통장사본 확보""},{""intent"":""PAYROLL_EXPLANATION"",""evidence"":""급여 지급 내역 정리 및 안내""}]","A","KEEP","",""
"INT-RVW-0960","960","HIGH","COMPLETED_STATUS","WRK-440 퇴사 처리 완료, 신규 배치 및 작업지시 진행","[{""intent"":""EMPLOYMENT_CHANGE"",""evidence"":""퇴사 처리 완료""},{""intent"":""WORK_INSTRUCTION"",""evidence"":""신규 배치 및 작업지시 진행""}]","A","KEEP","",""
"INT-RVW-0964","964","HIGH","EXTERNAL_EXECUTION","WRK-504의 사업장 변경이 확정되었는데, 체류기간 연장도 함께 신청해야 합니다.","[{""intent"":""EMPLOYMENT_CHANGE"",""evidence"":""사업장 변경이 확정""},{""intent"":""EXPIRY_RENEWAL"",""evidence"":""체류기간 연장도 함께 신청""}]","A","CHANGE","[{""intent"":""EMPLOYMENT_CHANGE"",""evidence"":""사업장 변경이 확정""},{""intent"":""EXPIRY_RENEWAL"",""evidence"":""체류기간 연장""}]","지원 Intent는 유지하고, 기관 신고·신청·접수 실행 표현 또는 다른 Intent 문구를 evidence에서 분리함."
"INT-RVW-0976","976","HIGH","EXTERNAL_EXECUTION","WRK-516의 무단결근이 지속되고 있으며, 고용허가기간 만료가 임박해 신고 여부를 결정해야 합니다.","[{""intent"":""EMPLOYMENT_CHANGE"",""evidence"":""무단결근이 지속""},{""intent"":""EXPIRY_RENEWAL"",""evidence"":""고용허가기간 만료가 임박""}]","A","KEEP","",""
"INT-RVW-0980","980","HIGH","COMPLETED_STATUS|LONG_EVIDENCE","WRK-520 퇴사한다는데 체류기간은 아직 안 끝났어, 출국일 확인해줘","[{""intent"":""EMPLOYMENT_CHANGE"",""evidence"":""WRK-520 퇴사한다는데""},{""intent"":""EXPIRY_RENEWAL"",""evidence"":""체류기간은 아직 안 끝났어, 출국일 확인해줘""}]","A","KEEP","",""
"INT-RVW-0982","982","HIGH","EXTERNAL_EXECUTION","WRK-522가 연락두절 상태로 확인되었으며, 체류기간 만료일이 임박하여 신고를 준비해야 합니다.","[{""intent"":""EMPLOYMENT_CHANGE"",""evidence"":""연락두절 상태로 확인""},{""intent"":""EXPIRY_RENEWAL"",""evidence"":""체류기간 만료일이 임박하여 신고를 준비""}]","A","KEEP","",""
"INT-RVW-0986","986","HIGH","EXTERNAL_EXECUTION|LONG_EVIDENCE","WRK-526 무단결근 이틀째야, 체류기간도 이번 달 끝나서 신고 서둘러야 해","[{""intent"":""EMPLOYMENT_CHANGE"",""evidence"":""WRK-526 무단결근 이틀째야""},{""intent"":""EXPIRY_RENEWAL"",""evidence"":""체류기간도 이번 달 끝나서 신고 서둘러야 해""}]","A","KEEP","",""
"INT-RVW-1000","1000","HIGH","COMPLETED_STATUS","신규 WRK-610 등록증 받아서 프로필 만들고, 근무 배치까지 완료해주세요.","[{""intent"":""DOCUMENT_REQUEST"",""evidence"":""등록증 받아서""},{""intent"":""WORKER_ONBOARDING"",""evidence"":""프로필 만들고""},{""intent"":""WORK_INSTRUCTION"",""evidence"":""근무 배치까지 완료""}]","A","KEEP","",""
"INT-RVW-1002","1002","HIGH","PAYROLL_ACCOUNT","WRK-612 통장사본 받아서 급여계좌 변경 처리해줘","[{""intent"":""DOCUMENT_REQUEST"",""evidence"":""통장사본 받아서""},{""intent"":""PAYROLL_EXPLANATION"",""evidence"":""급여계좌 변경 처리해줘""}]","A","CHANGE","[{""intent"":""DOCUMENT_REQUEST"",""evidence"":""통장사본 받아서""},{""intent"":""WORKER_ONBOARDING"",""evidence"":""급여계좌 변경 처리해줘""}]","급여 금액·공제 설명이 아니라 계좌 또는 기본정보의 최초 등록·변경 업무이므로 WORKER_ONBOARDING 경계로 수정함."
"INT-RVW-1011","1011","HIGH","EXTERNAL_EXECUTION","WRK-621 여권 만료 임박이라 갱신 서류 받아서 접수해줘","[{""intent"":""EXPIRY_RENEWAL"",""evidence"":""여권 만료 임박이라 갱신""},{""intent"":""DOCUMENT_REQUEST"",""evidence"":""서류 받아서 접수해줘""}]","A","CHANGE","[{""intent"":""EXPIRY_RENEWAL"",""evidence"":""여권 만료 임박""},{""intent"":""DOCUMENT_REQUEST"",""evidence"":""갱신 서류 받아서""}]","지원 Intent는 유지하고, 기관 신고·신청·접수 실행 표현 또는 다른 Intent 문구를 evidence에서 분리함."
"INT-RVW-1015","1015","HIGH","COMPLETED_STATUS|EXTERNAL_EXECUTION","WRK-625 사업장 변경 신청 접수됨, 인수인계 작업지시 완료해줘","[{""intent"":""EMPLOYMENT_CHANGE"",""evidence"":""사업장 변경 신청 접수됨""},{""intent"":""WORK_INSTRUCTION"",""evidence"":""인수인계 작업지시 완료해줘""}]","A","KEEP","",""
"INT-RVW-1018","1018","HIGH","PAYROLL_ACCOUNT","신규 WRK-628 통장사본 받아서 급여계좌 등록하고 프로필도 생성해줘","[{""intent"":""DOCUMENT_REQUEST"",""evidence"":""통장사본 받아서""},{""intent"":""PAYROLL_EXPLANATION"",""evidence"":""급여계좌 등록""},{""intent"":""WORKER_ONBOARDING"",""evidence"":""프로필도 생성해줘""}]","A","CHANGE","[{""intent"":""DOCUMENT_REQUEST"",""evidence"":""통장사본 받아서""},{""intent"":""WORKER_ONBOARDING"",""evidence"":""급여계좌 등록하고 프로필도 생성해줘""}]","급여 금액·공제 설명이 아니라 계좌 또는 기본정보의 최초 등록·변경 업무이므로 WORKER_ONBOARDING 경계로 수정함."
"INT-RVW-1032","1032","HIGH","COMPLETED_STATUS","신규 WRK-642 사진 받아서 사원증 발급하고 등록 완료해줘","[{""intent"":""DOCUMENT_REQUEST"",""evidence"":""사진 받아서""},{""intent"":""WORKER_ONBOARDING"",""evidence"":""등록 완료해줘""}]","A","KEEP","",""
"INT-RVW-1035","1035","HIGH","EXTERNAL_EXECUTION","WRK-645 여권 받아서 재발급 신청해줘","[{""intent"":""DOCUMENT_REQUEST"",""evidence"":""여권 받아서""}]","A","KEEP","",""
"INT-RVW-1036","1036","HIGH","EXTERNAL_EXECUTION","WRK-646 연락두절 3일째, 무단결근 신고 절차 진행하고 그 자리 대체 인력 오늘부터 투입해줘","[{""intent"":""EMPLOYMENT_CHANGE"",""evidence"":""연락두절 3일째, 무단결근 신고 절차 진행""},{""intent"":""WORK_INSTRUCTION"",""evidence"":""대체 인력 오늘부터 투입해줘""}]","A","CHANGE","[{""intent"":""EMPLOYMENT_CHANGE"",""evidence"":""연락두절 3일째, 무단결근""},{""intent"":""WORK_INSTRUCTION"",""evidence"":""대체 인력 오늘부터 투입해줘""}]","지원 Intent는 유지하고, 기관 신고·신청·접수 실행 표현 또는 다른 Intent 문구를 evidence에서 분리함."
"INT-RVW-1039","1039","HIGH","COMPLETED_STATUS","신규입사자 WRK-649의 여권, 등록증, 계약서를 모두 받아서 등록 완료 후 첫 근무지 배정까지 진행해주세요.","[{""intent"":""DOCUMENT_REQUEST"",""evidence"":""여권, 등록증, 계약서를 모두 받아서""},{""intent"":""WORKER_ONBOARDING"",""evidence"":""등록 완료""},{""intent"":""WORK_INSTRUCTION"",""evidence"":""첫 근무지 배정까지 진행""}]","A","KEEP","",""
"INT-RVW-1043","1043","HIGH","EXTERNAL_EXECUTION|LONG_EVIDENCE","WRK-653: 고용허가기간 만료 임박, 연장신청서 받아서 즉시 접수","[{""intent"":""EXPIRY_RENEWAL"",""evidence"":""WRK-653: 고용허가기간 만료 임박, 연장신청서 받아서 즉시 접수""},{""intent"":""DOCUMENT_REQUEST"",""evidence"":""연장신청서 받아서""}]","A","CHANGE","[{""intent"":""EXPIRY_RENEWAL"",""evidence"":""고용허가기간 만료 임박""},{""intent"":""DOCUMENT_REQUEST"",""evidence"":""연장신청서 받아서""}]","지원 Intent는 유지하고, 기관 신고·신청·접수 실행 표현 또는 다른 Intent 문구를 evidence에서 분리함."
"INT-RVW-1056","1056","HIGH","PAYROLL_ACCOUNT|COMPLETED_STATUS","신규 입사 WRK-666의 여권과 통장사본을 받아 등록하고 급여계좌 설정도 완료해주세요.","[{""intent"":""DOCUMENT_REQUEST"",""evidence"":""여권과 통장사본을 받아""},{""intent"":""WORKER_ONBOARDING"",""evidence"":""등록""},{""intent"":""PAYROLL_EXPLANATION"",""evidence"":""급여계좌 설정도 완료""}]","A","CHANGE","[{""intent"":""DOCUMENT_REQUEST"",""evidence"":""여권과 통장사본을 받아""},{""intent"":""WORKER_ONBOARDING"",""evidence"":""등록하고 급여계좌 설정도 완료해주세요""}]","급여 금액·공제 설명이 아니라 계좌 또는 기본정보의 최초 등록·변경 업무이므로 WORKER_ONBOARDING 경계로 수정함."
"INT-RVW-1062","1062","HIGH","COMPLETED_STATUS","WRK-672: 사진, 여권 받아서 신규 등록 처리 완료함","[{""intent"":""DOCUMENT_REQUEST"",""evidence"":""사진, 여권 받아서""},{""intent"":""WORKER_ONBOARDING"",""evidence"":""신규 등록 처리 완료""}]","A","CHANGE","[{""intent"":""OUT_OF_SCOPE"",""evidence"":null}]","새로운 실행 요청 없이 완료·변경 없음·처리 결과만 보고한 문장이므로 OUT_OF_SCOPE로 수정함."
"INT-RVW-1067","1067","HIGH","EXTERNAL_EXECUTION","WRK-677 사업장 변경 신청 서류 받아서 접수해줘","[{""intent"":""DOCUMENT_REQUEST"",""evidence"":""사업장 변경 신청 서류 받아서""},{""intent"":""EMPLOYMENT_CHANGE"",""evidence"":""사업장 변경 신청""}]","A","CHANGE","[{""intent"":""EMPLOYMENT_CHANGE"",""evidence"":""사업장 변경""},{""intent"":""DOCUMENT_REQUEST"",""evidence"":""신청 서류 받아서""}]","지원 Intent는 유지하고, 기관 신고·신청·접수 실행 표현 또는 다른 Intent 문구를 evidence에서 분리함."
"INT-RVW-1068","1068","HIGH","COMPLETED_STATUS","신규 WRK-678 등록 완료했고, 이번 주부터 라인 배치도 시작할게요","[{""intent"":""WORKER_ONBOARDING"",""evidence"":""신규 WRK-678 등록 완료""},{""intent"":""WORK_INSTRUCTION"",""evidence"":""이번 주부터 라인 배치도 시작""}]","A","CHANGE","[{""intent"":""OUT_OF_SCOPE"",""evidence"":null}]","새로운 실행 요청 없이 완료·변경 없음·처리 결과만 보고한 문장이므로 OUT_OF_SCOPE로 수정함."
"INT-RVW-1069","1069","HIGH","EXTERNAL_EXECUTION|LONG_EVIDENCE","WRK-679 무단결근 신고 접수, 근로계약 자동 해지 여부 확인 필요","[{""intent"":""EMPLOYMENT_CHANGE"",""evidence"":""무단결근 신고 접수, 근로계약 자동 해지 여부 확인 필요""}]","A","CHANGE","[{""intent"":""EMPLOYMENT_CHANGE"",""evidence"":""무단결근""}]","지원 Intent는 유지하고, 기관 신고·신청·접수 실행 표현 또는 다른 Intent 문구를 evidence에서 분리함."
"INT-RVW-1074","1074","HIGH","PAYROLL_ACCOUNT","WRK-684 통장사본 받아서 급여 계좌 오류 확인해줘","[{""intent"":""DOCUMENT_REQUEST"",""evidence"":""통장사본 받아서""},{""intent"":""PAYROLL_EXPLANATION"",""evidence"":""급여 계좌 오류 확인해줘""}]","A","KEEP","",""
"INT-RVW-1078","1078","HIGH","EXTERNAL_EXECUTION","WRK-688 여권, 등록증 받아서 체류기간 연장 신청 접수하고 결과는 문자로 안내해줄게","[{""intent"":""DOCUMENT_REQUEST"",""evidence"":""여권, 등록증 받아서""},{""intent"":""EXPIRY_RENEWAL"",""evidence"":""체류기간 연장 신청 접수""}]","A","CHANGE","[{""intent"":""DOCUMENT_REQUEST"",""evidence"":""여권, 등록증 받아서""},{""intent"":""EXPIRY_RENEWAL"",""evidence"":""체류기간 연장""}]","지원 Intent는 유지하고, 기관 신고·신청·접수 실행 표현 또는 다른 Intent 문구를 evidence에서 분리함."
"INT-RVW-1082","1082","HIGH","COMPLETED_STATUS","신규 WRK-692 계약서 받아서 등록하고 근무지 배치까지 오늘 완료해줘","[{""intent"":""DOCUMENT_REQUEST"",""evidence"":""계약서 받아서""},{""intent"":""WORKER_ONBOARDING"",""evidence"":""등록""},{""intent"":""WORK_INSTRUCTION"",""evidence"":""근무지 배치까지 오늘 완료해줘""}]","A","KEEP","",""
"INT-RVW-1083","1083","HIGH","EXTERNAL_EXECUTION","WRK-693 연락두절 확인됨, 신고 절차 시작할게","[{""intent"":""EMPLOYMENT_CHANGE"",""evidence"":""연락두절 확인됨, 신고 절차 시작할게""}]","A","CHANGE","[{""intent"":""OUT_OF_SCOPE"",""evidence"":null}]","새로운 실행 요청 없이 완료·변경 없음·처리 결과만 보고한 문장이므로 OUT_OF_SCOPE로 수정함."
"INT-RVW-1086","1086","HIGH","COMPLETED_STATUS","WRK-696: 이번 주 작업 배치 변경 없음","[{""intent"":""WORK_INSTRUCTION"",""evidence"":""이번 주 작업 배치 변경 없음""}]","A","CHANGE","[{""intent"":""OUT_OF_SCOPE"",""evidence"":null}]","새로운 실행 요청 없이 완료·변경 없음·처리 결과만 보고한 문장이므로 OUT_OF_SCOPE로 수정함."
"INT-RVW-1087","1087","HIGH","PAYROLL_ACCOUNT","WRK-697 등록증 받아서 정보 갱신하고, 급여계좌도 재확인해줘","[{""intent"":""DOCUMENT_REQUEST"",""evidence"":""등록증 받아서""},{""intent"":""EXPIRY_RENEWAL"",""evidence"":""정보 갱신하고""},{""intent"":""PAYROLL_EXPLANATION"",""evidence"":""급여계좌도 재확인해줘""}]","A","CHANGE","[{""intent"":""DOCUMENT_REQUEST"",""evidence"":""등록증 받아서""},{""intent"":""WORKER_ONBOARDING"",""evidence"":""정보 갱신하고, 급여계좌도 재확인해줘""}]","급여 금액·공제 설명이 아니라 계좌 또는 기본정보의 최초 등록·변경 업무이므로 WORKER_ONBOARDING 경계로 수정함."
"INT-RVW-1089","1089","HIGH","PAYROLL_ACCOUNT","신규 WRK-699 여권 받아서 등록 진행하고, 최초 보험가입 및 급여계좌 개설까지 한번에 처리 부탁","[{""intent"":""DOCUMENT_REQUEST"",""evidence"":""여권 받아서""},{""intent"":""WORKER_ONBOARDING"",""evidence"":""등록 진행""},{""intent"":""PAYROLL_EXPLANATION"",""evidence"":""급여계좌 개설까지 한번에 처리""}]","A","CHANGE","[{""intent"":""DOCUMENT_REQUEST"",""evidence"":""여권 받아서""},{""intent"":""WORKER_ONBOARDING"",""evidence"":""등록 진행하고, 최초 보험가입 및 급여계좌 개설까지 한번에 처리 부탁""}]","급여 금액·공제 설명이 아니라 계좌 또는 기본정보의 최초 등록·변경 업무이므로 WORKER_ONBOARDING 경계로 수정함."
"INT-RVW-1092","1092","HIGH","COMPLETED_STATUS","WRK-702: 오늘 라인 교체 완료, 별도 지시 없음","[{""intent"":""WORK_INSTRUCTION"",""evidence"":""오늘 라인 교체 완료""}]","A","CHANGE","[{""intent"":""OUT_OF_SCOPE"",""evidence"":null}]","새로운 실행 요청 없이 완료·변경 없음·처리 결과만 보고한 문장이므로 OUT_OF_SCOPE로 수정함."
"INT-RVW-1095","1095","HIGH","COMPLETED_STATUS","신규 WRK-705의 건강진단서와 여권을 받아서 등록 처리 완료해주세요.","[{""intent"":""DOCUMENT_REQUEST"",""evidence"":""건강진단서와 여권을 받아서""},{""intent"":""WORKER_ONBOARDING"",""evidence"":""등록 처리 완료""}]","A","KEEP","",""
"INT-RVW-1103","1103","HIGH","COMPLETED_STATUS","WRK-713: 계약서 받아 재계약 처리 완료함","[{""intent"":""DOCUMENT_REQUEST"",""evidence"":""계약서 받아""},{""intent"":""EXPIRY_RENEWAL"",""evidence"":""재계약 처리 완료함""}]","A","CHANGE","[{""intent"":""OUT_OF_SCOPE"",""evidence"":null}]","새로운 실행 요청 없이 완료·변경 없음·처리 결과만 보고한 문장이므로 OUT_OF_SCOPE로 수정함."
"INT-RVW-1109","1109","HIGH","EXTERNAL_EXECUTION","WRK-719 여권 만료 임박, 갱신 서류 받아서 접수하고 결과 안내해줄게","[{""intent"":""EXPIRY_RENEWAL"",""evidence"":""여권 만료 임박, 갱신""},{""intent"":""DOCUMENT_REQUEST"",""evidence"":""서류 받아서 접수""}]","A","CHANGE","[{""intent"":""EXPIRY_RENEWAL"",""evidence"":""여권 만료 임박""},{""intent"":""DOCUMENT_REQUEST"",""evidence"":""갱신 서류 받아서""}]","지원 Intent는 유지하고, 기관 신고·신청·접수 실행 표현 또는 다른 Intent 문구를 evidence에서 분리함."
"INT-RVW-1112","1112","HIGH","PAYROLL_ACCOUNT|COMPLETED_STATUS","WRK-722 통장사본 받아서 급여계좌 등록 완료했어","[{""intent"":""DOCUMENT_REQUEST"",""evidence"":""통장사본 받아서""},{""intent"":""PAYROLL_EXPLANATION"",""evidence"":""급여계좌 등록 완료했어""}]","A","CHANGE","[{""intent"":""OUT_OF_SCOPE"",""evidence"":null}]","새로운 실행 요청 없이 완료·변경 없음·처리 결과만 보고한 문장이므로 OUT_OF_SCOPE로 수정함."
"INT-RVW-1117","1117","HIGH","COMPLETED_STATUS","WRK-727: 오늘 작업 지시서 배포 완료","[{""intent"":""WORK_INSTRUCTION"",""evidence"":""오늘 작업 지시서 배포 완료""}]","A","CHANGE","[{""intent"":""OUT_OF_SCOPE"",""evidence"":null}]","새로운 실행 요청 없이 완료·변경 없음·처리 결과만 보고한 문장이므로 OUT_OF_SCOPE로 수정함."
"INT-RVW-1121","1121","HIGH","COMPLETED_STATUS","WRK-731 사업장 변경 완료됐고, 새 회사 근무지시는 그쪽에서 전달할 예정","[{""intent"":""EMPLOYMENT_CHANGE"",""evidence"":""사업장 변경 완료됐고""}]","A","CHANGE","[{""intent"":""OUT_OF_SCOPE"",""evidence"":null}]","새로운 실행 요청 없이 완료·변경 없음·처리 결과만 보고한 문장이므로 OUT_OF_SCOPE로 수정함."
"INT-RVW-1122","1122","HIGH","EXTERNAL_EXECUTION","WRK-732 여권과 등록증 받아서 연장 신청, 접수 결과는 급여명세서와 함께 안내해줘","[{""intent"":""DOCUMENT_REQUEST"",""evidence"":""여권과 등록증 받아서""},{""intent"":""EXPIRY_RENEWAL"",""evidence"":""연장 신청""},{""intent"":""PAYROLL_EXPLANATION"",""evidence"":""급여명세서와 함께 안내해줘""}]","A","CHANGE","[{""intent"":""DOCUMENT_REQUEST"",""evidence"":""여권과 등록증 받아서""},{""intent"":""EXPIRY_RENEWAL"",""evidence"":""연장 신청""},{""intent"":""WORK_INSTRUCTION"",""evidence"":""접수 결과는 급여명세서와 함께 안내해줘""}]","지원 Intent는 유지하고, 기관 신고·신청·접수 실행 표현 또는 다른 Intent 문구를 evidence에서 분리함."
"INT-RVW-1123","1123","HIGH","COMPLETED_STATUS","WRK-733: 오늘 라인 배치 그대로 유지","[{""intent"":""WORK_INSTRUCTION"",""evidence"":""오늘 라인 배치 그대로 유지""}]","A","KEEP","",""
"INT-RVW-1125","1125","HIGH","PAYROLL_ACCOUNT","WRK-735 급여 명세 확인차 통장사본 받아서 대조 부탁드립니다.","[{""intent"":""PAYROLL_EXPLANATION"",""evidence"":""급여 명세 확인차""},{""intent"":""DOCUMENT_REQUEST"",""evidence"":""통장사본 받아서""}]","A","KEEP","",""
"INT-RVW-1127","1127","HIGH","EXTERNAL_EXECUTION","WRK-737 무단결근 이틀째, 체류기간 만료도 임박해서 신고 서둘러야 함","[{""intent"":""EMPLOYMENT_CHANGE"",""evidence"":""무단결근 이틀째""},{""intent"":""EXPIRY_RENEWAL"",""evidence"":""체류기간 만료도 임박해서 신고 서둘러야 함""}]","A","CHANGE","[{""intent"":""EMPLOYMENT_CHANGE"",""evidence"":""무단결근 이틀째""},{""intent"":""EXPIRY_RENEWAL"",""evidence"":""체류기간 만료도 임박""}]","지원 Intent는 유지하고, 기관 신고·신청·접수 실행 표현 또는 다른 Intent 문구를 evidence에서 분리함."
"INT-RVW-1130","1130","HIGH","COMPLETED_STATUS","WRK-740 오늘 지시대로 조립라인 이동 완료","[{""intent"":""WORK_INSTRUCTION"",""evidence"":""오늘 지시대로 조립라인 이동 완료""}]","A","CHANGE","[{""intent"":""OUT_OF_SCOPE"",""evidence"":null}]","새로운 실행 요청 없이 완료·변경 없음·처리 결과만 보고한 문장이므로 OUT_OF_SCOPE로 수정함."
"INT-RVW-1132","1132","HIGH","COMPLETED_STATUS","WRK-742: 오늘 결근, 대체근무자 지정 완료","[{""intent"":""EMPLOYMENT_CHANGE"",""evidence"":""오늘 결근""},{""intent"":""WORK_INSTRUCTION"",""evidence"":""대체근무자 지정 완료""}]","A","KEEP","",""
"INT-RVW-1133","1133","HIGH","COMPLETED_STATUS","WRK-743 급여 문의 있었는데 이미 답변 완료함","[{""intent"":""PAYROLL_EXPLANATION"",""evidence"":""급여 문의 있었는데 이미 답변 완료함""}]","A","CHANGE","[{""intent"":""OUT_OF_SCOPE"",""evidence"":null}]","새로운 실행 요청 없이 완료·변경 없음·처리 결과만 보고한 문장이므로 OUT_OF_SCOPE로 수정함."
"INT-RVW-1135","1135","HIGH","EXTERNAL_EXECUTION","WRK-745 사업장 변경 서류 받아서 접수, 새 근무지 배치는 회사 측 지시 대기 중","[{""intent"":""EMPLOYMENT_CHANGE"",""evidence"":""사업장 변경""},{""intent"":""DOCUMENT_REQUEST"",""evidence"":""서류 받아서 접수""}]","A","CHANGE","[{""intent"":""EMPLOYMENT_CHANGE"",""evidence"":""사업장 변경""},{""intent"":""DOCUMENT_REQUEST"",""evidence"":""서류 받아서""}]","지원 Intent는 유지하고, 기관 신고·신청·접수 실행 표현 또는 다른 Intent 문구를 evidence에서 분리함."
"INT-RVW-1136","1136","HIGH","COMPLETED_STATUS","WRK-746: 건강진단서 받아서 등록 처리 완료","[{""intent"":""DOCUMENT_REQUEST"",""evidence"":""건강진단서 받아서""},{""intent"":""WORKER_ONBOARDING"",""evidence"":""등록 처리 완료""}]","A","CHANGE","[{""intent"":""OUT_OF_SCOPE"",""evidence"":null}]","새로운 실행 요청 없이 완료·변경 없음·처리 결과만 보고한 문장이므로 OUT_OF_SCOPE로 수정함."
"INT-RVW-1137","1137","HIGH","COMPLETED_STATUS","WRK-747 오늘 야근 지시했고, 야근수당은 급여에 자동 반영됨","[{""intent"":""WORK_INSTRUCTION"",""evidence"":""오늘 야근 지시했고""},{""intent"":""PAYROLL_EXPLANATION"",""evidence"":""야근수당은 급여에 자동 반영됨""}]","A","CHANGE","[{""intent"":""OUT_OF_SCOPE"",""evidence"":null}]","새로운 실행 요청 없이 완료·변경 없음·처리 결과만 보고한 문장이므로 OUT_OF_SCOPE로 수정함."
"INT-RVW-1141","1141","HIGH","EXTERNAL_EXECUTION","WRK-751 무단결근 신고 진행함","[{""intent"":""EMPLOYMENT_CHANGE"",""evidence"":""무단결근 신고 진행함""}]","A","CHANGE","[{""intent"":""OUT_OF_SCOPE"",""evidence"":null}]","새로운 실행 요청 없이 완료·변경 없음·처리 결과만 보고한 문장이므로 OUT_OF_SCOPE로 수정함."
"INT-RVW-1142","1142","HIGH","COMPLETED_STATUS|EXTERNAL_EXECUTION","WRK-752 등록증 받아서 갱신 접수 완료, 급여 관련 문의는 없었음","[{""intent"":""DOCUMENT_REQUEST"",""evidence"":""등록증 받아서""},{""intent"":""EXPIRY_RENEWAL"",""evidence"":""갱신 접수 완료""}]","A","CHANGE","[{""intent"":""OUT_OF_SCOPE"",""evidence"":null}]","새로운 실행 요청 없이 완료·변경 없음·처리 결과만 보고한 문장이므로 OUT_OF_SCOPE로 수정함."
"INT-RVW-1143","1143","HIGH","PAYROLL_ACCOUNT|COMPLETED_STATUS","신규 WRK-753 등록 처리 및 초기 급여계좌 개설, 근무지 배치까지 오늘 전부 완료해줘","[{""intent"":""WORKER_ONBOARDING"",""evidence"":""신규 WRK-753 등록 처리""},{""intent"":""PAYROLL_EXPLANATION"",""evidence"":""초기 급여계좌 개설""},{""intent"":""WORK_INSTRUCTION"",""evidence"":""근무지 배치까지 오늘 전부 완료해줘""}]","A","CHANGE","[{""intent"":""WORKER_ONBOARDING"",""evidence"":""등록 처리 및 초기 급여계좌 개설""},{""intent"":""WORK_INSTRUCTION"",""evidence"":""근무지 배치까지 오늘 전부 완료해줘""}]","급여 금액·공제 설명이 아니라 계좌 또는 기본정보의 최초 등록·변경 업무이므로 WORKER_ONBOARDING 경계로 수정함."
"INT-RVW-1149","1149","HIGH","COMPLETED_STATUS","WRK-759: 급여 이체 확인 요청, 처리 완료","[{""intent"":""PAYROLL_EXPLANATION"",""evidence"":""급여 이체 확인 요청, 처리 완료""}]","A","CHANGE","[{""intent"":""OUT_OF_SCOPE"",""evidence"":null}]","새로운 실행 요청 없이 완료·변경 없음·처리 결과만 보고한 문장이므로 OUT_OF_SCOPE로 수정함."
"INT-RVW-1151","1151","HIGH","PAYROLL_ACCOUNT","신규 WRK-761 계약서 받아서 등록 진행, 이후 급여계좌 및 배치 라인 순차적으로 안내해줘","[{""intent"":""DOCUMENT_REQUEST"",""evidence"":""계약서 받아서""},{""intent"":""WORKER_ONBOARDING"",""evidence"":""등록 진행""},{""intent"":""PAYROLL_EXPLANATION"",""evidence"":""급여계좌""},{""intent"":""WORK_INSTRUCTION"",""evidence"":""배치 라인 순차적으로 안내해줘""}]","A","NEEDS_DISCUSSION","","급여계좌 관련 발화가 정보 등록·변경인지 급여 처리 문의인지 문맥이 부족해 규칙 합의가 필요함."
"INT-RVW-1152","1152","HIGH","COMPLETED_STATUS","WRK-762 오늘 아침부터 연락두절, 결근 처리 완료함","[{""intent"":""EMPLOYMENT_CHANGE"",""evidence"":""오늘 아침부터 연락두절, 결근 처리 완료함""}]","A","KEEP","",""
"INT-RVW-1155","1155","HIGH","EXTERNAL_EXECUTION","WRK-765 계약만료 임박, 갱신 서류 받아서 접수하고 결과는 다음 주 안내 예정","[{""intent"":""EXPIRY_RENEWAL"",""evidence"":""계약만료 임박, 갱신""},{""intent"":""DOCUMENT_REQUEST"",""evidence"":""서류 받아서 접수""}]","A","CHANGE","[{""intent"":""EXPIRY_RENEWAL"",""evidence"":""계약만료 임박""},{""intent"":""DOCUMENT_REQUEST"",""evidence"":""갱신 서류 받아서""}]","지원 Intent는 유지하고, 기관 신고·신청·접수 실행 표현 또는 다른 Intent 문구를 evidence에서 분리함."
"INT-RVW-1160","1160","HIGH","EXTERNAL_EXECUTION|LONG_EVIDENCE","WRK-770 오늘 결근, 사업장 변경 신청도 함께 접수됨","[{""intent"":""EMPLOYMENT_CHANGE"",""evidence"":""오늘 결근, 사업장 변경 신청도 함께 접수됨""}]","A","KEEP","",""
"INT-RVW-1163","1163","HIGH","COMPLETED_STATUS","WRK-773 계약서와 여권 받아서 재계약, 배치 라인은 그대로 유지 예정","[{""intent"":""DOCUMENT_REQUEST"",""evidence"":""계약서와 여권 받아서""},{""intent"":""EXPIRY_RENEWAL"",""evidence"":""재계약""},{""intent"":""WORK_INSTRUCTION"",""evidence"":""배치 라인은 그대로 유지 예정""}]","A","KEEP","",""
"INT-RVW-1165","1165","HIGH","COMPLETED_STATUS","WRK-775: 급여 지연 사과 안내 완료","[{""intent"":""PAYROLL_EXPLANATION"",""evidence"":""급여 지연 사과 안내 완료""}]","A","CHANGE","[{""intent"":""OUT_OF_SCOPE"",""evidence"":null}]","새로운 실행 요청 없이 완료·변경 없음·처리 결과만 보고한 문장이므로 OUT_OF_SCOPE로 수정함."
"INT-RVW-1170","1170","HIGH","COMPLETED_STATUS","WRK-780 퇴사 처리 완료, 마지막 급여 정산 및 인수인계 작업지시 함께 처리","[{""intent"":""EMPLOYMENT_CHANGE"",""evidence"":""퇴사 처리 완료""},{""intent"":""PAYROLL_EXPLANATION"",""evidence"":""마지막 급여 정산""},{""intent"":""WORK_INSTRUCTION"",""evidence"":""인수인계 작업지시 함께 처리""}]","A","KEEP","",""
"INT-RVW-1174","1174","HIGH","EXTERNAL_EXECUTION|LONG_EVIDENCE","WRK-784 급여명세서 오류 신고 접수, 재계산 후 안내 예정","[{""intent"":""PAYROLL_EXPLANATION"",""evidence"":""급여명세서 오류 신고 접수, 재계산 후 안내 예정""}]","A","KEEP","",""
"INT-RVW-1175","1175","HIGH","PAYROLL_ACCOUNT","신규 WRK-785 여권 받아서 등록하고, 배치 라인 확정 시 급여계좌도 함께 설정 부탁","[{""intent"":""DOCUMENT_REQUEST"",""evidence"":""여권 받아서""},{""intent"":""WORKER_ONBOARDING"",""evidence"":""등록""},{""intent"":""WORK_INSTRUCTION"",""evidence"":""배치 라인 확정""},{""intent"":""PAYROLL_EXPLANATION"",""evidence"":""급여계좌도 함께 설정 부탁""}]","A","CHANGE","[{""intent"":""DOCUMENT_REQUEST"",""evidence"":""여권 받아서""},{""intent"":""WORKER_ONBOARDING"",""evidence"":""등록하고""},{""intent"":""WORK_INSTRUCTION"",""evidence"":""배치 라인 확정""}]","급여 금액·공제 설명이 아니라 계좌 또는 기본정보의 최초 등록·변경 업무이므로 WORKER_ONBOARDING 경계로 수정함."
"INT-RVW-1177","1177","HIGH","EXTERNAL_EXECUTION|LONG_EVIDENCE","WRK-787: 무단결근 확인, 신고 절차는 다음 주 진행 예정","[{""intent"":""EMPLOYMENT_CHANGE"",""evidence"":""무단결근 확인, 신고 절차는 다음 주 진행 예정""}]","A","KEEP","",""
"INT-RVW-1183","1183","HIGH","COMPLETED_STATUS","신규 WRK-793 등록 완료, 초기 배치는 검사라인으로 결정함","[{""intent"":""WORKER_ONBOARDING"",""evidence"":""신규 WRK-793 등록 완료""},{""intent"":""WORK_INSTRUCTION"",""evidence"":""초기 배치는 검사라인으로 결정함""}]","A","CHANGE","[{""intent"":""OUT_OF_SCOPE"",""evidence"":null}]","새로운 실행 요청 없이 완료·변경 없음·처리 결과만 보고한 문장이므로 OUT_OF_SCOPE로 수정함."
"INT-RVW-1184","1184","HIGH","EXTERNAL_EXECUTION","WRK-794: 체류기간 만료 임박, 갱신 서류 받아서 즉시 접수 요망","[{""intent"":""EXPIRY_RENEWAL"",""evidence"":""체류기간 만료 임박, 갱신""},{""intent"":""DOCUMENT_REQUEST"",""evidence"":""서류 받아서 즉시 접수 요망""}]","A","CHANGE","[{""intent"":""EXPIRY_RENEWAL"",""evidence"":""체류기간 만료 임박""},{""intent"":""DOCUMENT_REQUEST"",""evidence"":""갱신 서류 받아서""}]","지원 Intent는 유지하고, 기관 신고·신청·접수 실행 표현 또는 다른 Intent 문구를 evidence에서 분리함."
"INT-RVW-1189","1189","HIGH","PAYROLL_ACCOUNT|COMPLETED_STATUS|EXTERNAL_EXECUTION","WRK-799 급여계좌 오류 신고, 재입금 처리 완료","[{""intent"":""PAYROLL_EXPLANATION"",""evidence"":""급여계좌 오류 신고, 재입금 처리 완료""}]","A","CHANGE","[{""intent"":""OUT_OF_SCOPE"",""evidence"":null}]","새로운 실행 요청 없이 완료·변경 없음·처리 결과만 보고한 문장이므로 OUT_OF_SCOPE로 수정함."
"INT-RVW-1196","1196","HIGH","EXTERNAL_EXECUTION|LONG_EVIDENCE","WRK-806 무단결근 확인, 체류기간 만료도 다음 주라 신고 서둘러야 함","[{""intent"":""EMPLOYMENT_CHANGE"",""evidence"":""무단결근 확인""},{""intent"":""EXPIRY_RENEWAL"",""evidence"":""체류기간 만료도 다음 주라 신고 서둘러야 함""}]","A","CHANGE","[{""intent"":""EMPLOYMENT_CHANGE"",""evidence"":""무단결근 확인""},{""intent"":""EXPIRY_RENEWAL"",""evidence"":""체류기간 만료도 다음 주""}]","지원 Intent는 유지하고, 기관 신고·신청·접수 실행 표현 또는 다른 Intent 문구를 evidence에서 분리함."
"INT-RVW-1197","1197","HIGH","PAYROLL_ACCOUNT","WRK-807 통장사본 받아서 급여계좌 재등록 부탁","[{""intent"":""DOCUMENT_REQUEST"",""evidence"":""통장사본 받아서""},{""intent"":""PAYROLL_EXPLANATION"",""evidence"":""급여계좌 재등록 부탁""}]","A","CHANGE","[{""intent"":""DOCUMENT_REQUEST"",""evidence"":""통장사본 받아서""},{""intent"":""WORKER_ONBOARDING"",""evidence"":""급여계좌 재등록 부탁""}]","급여 금액·공제 설명이 아니라 계좌 또는 기본정보의 최초 등록·변경 업무이므로 WORKER_ONBOARDING 경계로 수정함."
"INT-RVW-1199","1199","HIGH","LEAVE_BOUNDARY|COMPLETED_STATUS","WRK-809 휴가 처리 완료됨","[{""intent"":""EMPLOYMENT_CHANGE"",""evidence"":""휴가 처리 완료됨""}]","A","CHANGE","[{""intent"":""OUT_OF_SCOPE"",""evidence"":null}]","새로운 실행 요청 없이 완료·변경 없음·처리 결과만 보고한 문장이므로 OUT_OF_SCOPE로 수정함."
"INT-RVW-1203","1203","HIGH","COMPLETED_STATUS","신규 WRK-813 여권 받아서 등록 완료","[{""intent"":""DOCUMENT_REQUEST"",""evidence"":""여권 받아서""},{""intent"":""WORKER_ONBOARDING"",""evidence"":""등록 완료""}]","A","NEEDS_DISCUSSION","","‘완료’가 과거 상태 보고인지 ‘완료해 달라’는 축약 요청인지 문장만으로 확정하기 어려움."
"INT-RVW-1206","1206","HIGH","EXTERNAL_EXECUTION","WRK-816 사업장 변경 서류 받아서 접수하고, 새 근무지 첫 출근일 작업지시도 준비해줘","[{""intent"":""EMPLOYMENT_CHANGE"",""evidence"":""사업장 변경""},{""intent"":""DOCUMENT_REQUEST"",""evidence"":""서류 받아서 접수""},{""intent"":""WORK_INSTRUCTION"",""evidence"":""새 근무지 첫 출근일 작업지시도 준비해줘""}]","A","CHANGE","[{""intent"":""EMPLOYMENT_CHANGE"",""evidence"":""사업장 변경""},{""intent"":""DOCUMENT_REQUEST"",""evidence"":""서류 받아서""},{""intent"":""WORK_INSTRUCTION"",""evidence"":""새 근무지 첫 출근일 작업지시도 준비해줘""}]","지원 Intent는 유지하고, 기관 신고·신청·접수 실행 표현 또는 다른 Intent 문구를 evidence에서 분리함."
"INT-RVW-1210","1210","HIGH","EXTERNAL_EXECUTION","WRK-820 계약만료 임박, 연장 신청 진행 중","[{""intent"":""EXPIRY_RENEWAL"",""evidence"":""계약만료 임박, 연장 신청 진행 중""}]","A","KEEP","",""
"INT-RVW-1217","1217","HIGH","PAYROLL_ACCOUNT|EXTERNAL_EXECUTION","WRK-827 급여계좌 오류 신고, 통장사본 받아서 재확인 부탁","[{""intent"":""PAYROLL_EXPLANATION"",""evidence"":""급여계좌 오류 신고""},{""intent"":""DOCUMENT_REQUEST"",""evidence"":""통장사본 받아서 재확인 부탁""}]","A","KEEP","",""
"INT-RVW-1219","1219","HIGH","EXTERNAL_EXECUTION","WRK-829 사업장 변경 신청, 관련 서류 받아서 정리 및 접수 부탁","[{""intent"":""EMPLOYMENT_CHANGE"",""evidence"":""사업장 변경 신청""},{""intent"":""DOCUMENT_REQUEST"",""evidence"":""관련 서류 받아서 정리 및 접수 부탁""}]","A","CHANGE","[{""intent"":""EMPLOYMENT_CHANGE"",""evidence"":""사업장 변경 신청""},{""intent"":""DOCUMENT_REQUEST"",""evidence"":""관련 서류 받아서 정리""}]","지원 Intent는 유지하고, 기관 신고·신청·접수 실행 표현 또는 다른 Intent 문구를 evidence에서 분리함."
"INT-RVW-1222","1222","HIGH","COMPLETED_STATUS","WRK-832: 계약서 받아서 재계약 완료, 이후 별도 배치 없음","[{""intent"":""DOCUMENT_REQUEST"",""evidence"":""계약서 받아서""},{""intent"":""EXPIRY_RENEWAL"",""evidence"":""재계약 완료""}]","A","CHANGE","[{""intent"":""OUT_OF_SCOPE"",""evidence"":null}]","새로운 실행 요청 없이 완료·변경 없음·처리 결과만 보고한 문장이므로 OUT_OF_SCOPE로 수정함."
"INT-RVW-1226","1226","HIGH","COMPLETED_STATUS","WRK-836: 사업장 변경 완료, 급여 시스템도 새로 등록 필요","[{""intent"":""EMPLOYMENT_CHANGE"",""evidence"":""사업장 변경 완료""},{""intent"":""PAYROLL_EXPLANATION"",""evidence"":""급여 시스템도 새로 등록 필요""}]","A","CHANGE","[{""intent"":""EMPLOYMENT_CHANGE"",""evidence"":""사업장 변경 완료""},{""intent"":""WORKER_ONBOARDING"",""evidence"":""급여 시스템도 새로 등록 필요""}]","급여 금액·공제 설명이 아니라 계좌 또는 기본정보의 최초 등록·변경 업무이므로 WORKER_ONBOARDING 경계로 수정함."
"INT-RVW-1227","1227","HIGH","COMPLETED_STATUS","WRK-837 등록증 받아서 정보 갱신 완료함","[{""intent"":""DOCUMENT_REQUEST"",""evidence"":""등록증 받아서""}]","A","CHANGE","[{""intent"":""OUT_OF_SCOPE"",""evidence"":null}]","새로운 실행 요청 없이 완료·변경 없음·처리 결과만 보고한 문장이므로 OUT_OF_SCOPE로 수정함."
"INT-RVW-1233","1233","HIGH","COMPLETED_STATUS","신규 WRK-843 계약서 받아서 등록 및 배치 라인 결정 완료","[{""intent"":""DOCUMENT_REQUEST"",""evidence"":""계약서 받아서""},{""intent"":""WORKER_ONBOARDING"",""evidence"":""등록""},{""intent"":""WORK_INSTRUCTION"",""evidence"":""배치 라인 결정 완료""}]","A","CHANGE","[{""intent"":""OUT_OF_SCOPE"",""evidence"":null}]","새로운 실행 요청 없이 완료·변경 없음·처리 결과만 보고한 문장이므로 OUT_OF_SCOPE로 수정함."
"INT-RVW-1235","1235","HIGH","COMPLETED_STATUS|EXTERNAL_EXECUTION","WRK-845: 여권 받아서 체류연장 접수 완료","[{""intent"":""DOCUMENT_REQUEST"",""evidence"":""여권 받아서""},{""intent"":""EXPIRY_RENEWAL"",""evidence"":""체류연장 접수 완료""}]","A","CHANGE","[{""intent"":""OUT_OF_SCOPE"",""evidence"":null}]","새로운 실행 요청 없이 완료·변경 없음·처리 결과만 보고한 문장이므로 OUT_OF_SCOPE로 수정함."
"INT-RVW-1237","1237","HIGH","EXTERNAL_EXECUTION","WRK-847 무단결근 확인, 라인 인원 재배치 지시했고 신고 절차도 시작함","[{""intent"":""EMPLOYMENT_CHANGE"",""evidence"":""무단결근 확인""},{""intent"":""WORK_INSTRUCTION"",""evidence"":""라인 인원 재배치 지시했고""}]","A","KEEP","",""
"INT-RVW-1238","1238","HIGH","PAYROLL_ACCOUNT","WRK-848: 급여계좌 등록 문의, 통장사본 받아서 처리 부탁","[{""intent"":""PAYROLL_EXPLANATION"",""evidence"":""급여계좌 등록 문의""},{""intent"":""DOCUMENT_REQUEST"",""evidence"":""통장사본 받아서 처리 부탁""}]","A","CHANGE","[{""intent"":""WORKER_ONBOARDING"",""evidence"":""급여계좌 등록 문의""},{""intent"":""DOCUMENT_REQUEST"",""evidence"":""통장사본 받아서 처리 부탁""}]","급여 금액·공제 설명이 아니라 계좌 또는 기본정보의 최초 등록·변경 업무이므로 WORKER_ONBOARDING 경계로 수정함."
"INT-RVW-1240","1240","HIGH","PAYROLL_ACCOUNT","신규 WRK-850 여권, 계약서, 통장사본 받아서 등록, 보험가입, 급여계좌 개설 한번에 처리해주세요.","[{""intent"":""DOCUMENT_REQUEST"",""evidence"":""여권, 계약서, 통장사본 받아서""},{""intent"":""WORKER_ONBOARDING"",""evidence"":""등록, 보험가입""},{""intent"":""PAYROLL_EXPLANATION"",""evidence"":""급여계좌 개설 한번에 처리""}]","A","CHANGE","[{""intent"":""DOCUMENT_REQUEST"",""evidence"":""여권, 계약서, 통장사본 받아서""},{""intent"":""WORKER_ONBOARDING"",""evidence"":""등록, 보험가입, 급여계좌 개설 한번에 처리해주세요""}]","급여 금액·공제 설명이 아니라 계좌 또는 기본정보의 최초 등록·변경 업무이므로 WORKER_ONBOARDING 경계로 수정함."
"INT-RVW-1243","1243","HIGH","COMPLETED_STATUS","WRK-853 급여 오류 정정 완료, 재입금 안내함","[{""intent"":""PAYROLL_EXPLANATION"",""evidence"":""급여 오류 정정 완료, 재입금 안내함""}]","A","CHANGE","[{""intent"":""OUT_OF_SCOPE"",""evidence"":null}]","새로운 실행 요청 없이 완료·변경 없음·처리 결과만 보고한 문장이므로 OUT_OF_SCOPE로 수정함."
"INT-RVW-1244","1244","HIGH","EXTERNAL_EXECUTION|LONG_EVIDENCE","WRK-854 무단결근 이틀째, 고용허가기간 만료도 임박해서 신고와 연장 여부 동시 검토 필요","[{""intent"":""EMPLOYMENT_CHANGE"",""evidence"":""무단결근 이틀째""},{""intent"":""EXPIRY_RENEWAL"",""evidence"":""고용허가기간 만료도 임박해서 신고와 연장 여부 동시 검토 필요""}]","A","CHANGE","[{""intent"":""EMPLOYMENT_CHANGE"",""evidence"":""무단결근 이틀째""},{""intent"":""EXPIRY_RENEWAL"",""evidence"":""고용허가기간 만료도 임박""}]","지원 Intent는 유지하고, 기관 신고·신청·접수 실행 표현 또는 다른 Intent 문구를 evidence에서 분리함."
"INT-RVW-1247","1247","HIGH","COMPLETED_STATUS","WRK-857 퇴사 처리 및 마지막 급여 정산 완료","[{""intent"":""EMPLOYMENT_CHANGE"",""evidence"":""퇴사 처리""},{""intent"":""PAYROLL_EXPLANATION"",""evidence"":""마지막 급여 정산 완료""}]","A","CHANGE","[{""intent"":""OUT_OF_SCOPE"",""evidence"":null}]","새로운 실행 요청 없이 완료·변경 없음·처리 결과만 보고한 문장이므로 OUT_OF_SCOPE로 수정함."
"INT-RVW-1250","1250","HIGH","COMPLETED_STATUS|LONG_EVIDENCE","WRK-860: 급여명세서 확인 문의, 공제 내역 설명 완료","[{""intent"":""PAYROLL_EXPLANATION"",""evidence"":""급여명세서 확인 문의, 공제 내역 설명 완료""}]","A","CHANGE","[{""intent"":""OUT_OF_SCOPE"",""evidence"":null}]","새로운 실행 요청 없이 완료·변경 없음·처리 결과만 보고한 문장이므로 OUT_OF_SCOPE로 수정함."
"INT-RVW-1253","1253","HIGH","PAYROLL_ACCOUNT","WRK-863: 통장사본 받아서 급여계좌 변경 처리","[{""intent"":""DOCUMENT_REQUEST"",""evidence"":""통장사본 받아서""},{""intent"":""PAYROLL_EXPLANATION"",""evidence"":""급여계좌 변경 처리""}]","A","CHANGE","[{""intent"":""DOCUMENT_REQUEST"",""evidence"":""통장사본 받아서""},{""intent"":""WORKER_ONBOARDING"",""evidence"":""급여계좌 변경 처리""}]","급여 금액·공제 설명이 아니라 계좌 또는 기본정보의 최초 등록·변경 업무이므로 WORKER_ONBOARDING 경계로 수정함."
"INT-RVW-1255","1255","HIGH","COMPLETED_STATUS","신규 WRK-865 여권과 사진 받아서 등록 완료, 이후 배치는 다음 주 결정 예정","[{""intent"":""DOCUMENT_REQUEST"",""evidence"":""여권과 사진 받아서""},{""intent"":""WORKER_ONBOARDING"",""evidence"":""등록 완료""}]","A","CHANGE","[{""intent"":""OUT_OF_SCOPE"",""evidence"":null}]","새로운 실행 요청 없이 완료·변경 없음·처리 결과만 보고한 문장이므로 OUT_OF_SCOPE로 수정함."
"INT-RVW-1256","1256","HIGH","PAYROLL_ACCOUNT|EXTERNAL_EXECUTION","WRK-866 급여 이체 오류 신고, 통장사본 다시 받아서 대조 부탁","[{""intent"":""PAYROLL_EXPLANATION"",""evidence"":""급여 이체 오류 신고""},{""intent"":""DOCUMENT_REQUEST"",""evidence"":""통장사본 다시 받아서 대조 부탁""}]","A","KEEP","",""
"INT-RVW-1257","1257","HIGH","COMPLETED_STATUS","WRK-867: 오늘 작업지시 변경 없음","[{""intent"":""WORK_INSTRUCTION"",""evidence"":""오늘 작업지시 변경 없음""}]","A","CHANGE","[{""intent"":""OUT_OF_SCOPE"",""evidence"":null}]","새로운 실행 요청 없이 완료·변경 없음·처리 결과만 보고한 문장이므로 OUT_OF_SCOPE로 수정함."
"INT-RVW-1260","1260","HIGH","COMPLETED_STATUS","WRK-870: 오늘 라인 인원 확인, 배치 변경 없음","[{""intent"":""WORK_INSTRUCTION"",""evidence"":""오늘 라인 인원 확인, 배치 변경 없음""}]","A","CHANGE","[{""intent"":""OUT_OF_SCOPE"",""evidence"":null}]","새로운 실행 요청 없이 완료·변경 없음·처리 결과만 보고한 문장이므로 OUT_OF_SCOPE로 수정함."
"INT-RVW-1261","1261","HIGH","COMPLETED_STATUS","신규 WRK-871 건강진단서와 여권 받아서 등록하고, 보험 가입 및 첫 근무 배치까지 오늘 완료 부탁","[{""intent"":""DOCUMENT_REQUEST"",""evidence"":""건강진단서와 여권 받아서""},{""intent"":""WORKER_ONBOARDING"",""evidence"":""등록하고, 보험 가입""},{""intent"":""WORK_INSTRUCTION"",""evidence"":""첫 근무 배치까지 오늘 완료 부탁""}]","A","KEEP","",""
"INT-RVW-1263","1263","HIGH","COMPLETED_STATUS","WRK-873: 급여 문의 답변 완료, 특이사항 없음","[{""intent"":""PAYROLL_EXPLANATION"",""evidence"":""급여 문의 답변 완료, 특이사항 없음""}]","A","CHANGE","[{""intent"":""OUT_OF_SCOPE"",""evidence"":null}]","새로운 실행 요청 없이 완료·변경 없음·처리 결과만 보고한 문장이므로 OUT_OF_SCOPE로 수정함."
"INT-RVW-1270","1270","HIGH","PAYROLL_ACCOUNT","WRK-880 급여계좌 등록증 받아서 확인 부탁","[{""intent"":""DOCUMENT_REQUEST"",""evidence"":""급여계좌 등록증 받아서""},{""intent"":""PAYROLL_EXPLANATION"",""evidence"":""확인 부탁""}]","A","CHANGE","[{""intent"":""DOCUMENT_REQUEST"",""evidence"":""급여계좌 등록증 받아서 확인 부탁""}]","급여 금액·공제 설명이 아니라 계좌 또는 기본정보의 최초 등록·변경 업무이므로 WORKER_ONBOARDING 경계로 수정함."
"INT-RVW-1274","1274","HIGH","COMPLETED_STATUS","WRK-884: 오늘 작업지시 완료 보고 받음","[{""intent"":""WORK_INSTRUCTION"",""evidence"":""오늘 작업지시 완료 보고 받음""}]","A","CHANGE","[{""intent"":""OUT_OF_SCOPE"",""evidence"":null}]","새로운 실행 요청 없이 완료·변경 없음·처리 결과만 보고한 문장이므로 OUT_OF_SCOPE로 수정함."
"INT-RVW-1275","1275","HIGH","PAYROLL_ACCOUNT|COMPLETED_STATUS","신규 WRK-885 여권 받아서 등록 완료, 급여계좌는 다음 주 개설 예정","[{""intent"":""DOCUMENT_REQUEST"",""evidence"":""여권 받아서""},{""intent"":""WORKER_ONBOARDING"",""evidence"":""등록 완료""},{""intent"":""PAYROLL_EXPLANATION"",""evidence"":""급여계좌는 다음 주 개설 예정""}]","A","CHANGE","[{""intent"":""OUT_OF_SCOPE"",""evidence"":null}]","새로운 실행 요청 없이 완료·변경 없음·처리 결과만 보고한 문장이므로 OUT_OF_SCOPE로 수정함."
"INT-RVW-1276","1276","HIGH","EXTERNAL_EXECUTION","WRK-886 사업장 변경 신청 접수, 새 회사 작업지시 대기 중","[{""intent"":""EMPLOYMENT_CHANGE"",""evidence"":""사업장 변경 신청 접수""}]","A","CHANGE","[{""intent"":""OUT_OF_SCOPE"",""evidence"":null}]","새로운 실행 요청 없이 완료·변경 없음·처리 결과만 보고한 문장이므로 OUT_OF_SCOPE로 수정함."
"INT-RVW-1279","1279","HIGH","COMPLETED_STATUS","WRK-889 계약서 받아서 재계약 완료, 새 계약 라인은 그대로 유지","[{""intent"":""DOCUMENT_REQUEST"",""evidence"":""계약서 받아서""},{""intent"":""EXPIRY_RENEWAL"",""evidence"":""재계약 완료""},{""intent"":""WORK_INSTRUCTION"",""evidence"":""새 계약 라인은 그대로 유지""}]","A","CHANGE","[{""intent"":""OUT_OF_SCOPE"",""evidence"":null}]","새로운 실행 요청 없이 완료·변경 없음·처리 결과만 보고한 문장이므로 OUT_OF_SCOPE로 수정함."
"INT-RVW-1281","1281","HIGH","EXTERNAL_EXECUTION","WRK-891 무단결근 신고 접수, 관련 서류 받아서 정리 부탁","[{""intent"":""EMPLOYMENT_CHANGE"",""evidence"":""무단결근 신고 접수""},{""intent"":""DOCUMENT_REQUEST"",""evidence"":""관련 서류 받아서 정리 부탁""}]","A","CHANGE","[{""intent"":""EMPLOYMENT_CHANGE"",""evidence"":""무단결근""},{""intent"":""DOCUMENT_REQUEST"",""evidence"":""관련 서류 받아서 정리 부탁""}]","지원 Intent는 유지하고, 기관 신고·신청·접수 실행 표현 또는 다른 Intent 문구를 evidence에서 분리함."
"INT-RVW-1283","1283","HIGH","COMPLETED_STATUS","WRK-893 급여 이체 확인 문의, 처리 완료 안내함","[{""intent"":""PAYROLL_EXPLANATION"",""evidence"":""급여 이체 확인 문의, 처리 완료 안내함""}]","A","CHANGE","[{""intent"":""OUT_OF_SCOPE"",""evidence"":null}]","새로운 실행 요청 없이 완료·변경 없음·처리 결과만 보고한 문장이므로 OUT_OF_SCOPE로 수정함."
"INT-RVW-1285","1285","HIGH","COMPLETED_STATUS","WRK-895 여권 받아서 갱신 신청 완료, 결과는 다음 주 안내 예정","[{""intent"":""DOCUMENT_REQUEST"",""evidence"":""여권 받아서""},{""intent"":""EXPIRY_RENEWAL"",""evidence"":""갱신 신청 완료""}]","A","CHANGE","[{""intent"":""OUT_OF_SCOPE"",""evidence"":null}]","새로운 실행 요청 없이 완료·변경 없음·처리 결과만 보고한 문장이므로 OUT_OF_SCOPE로 수정함."
"INT-RVW-1289","1289","HIGH","COMPLETED_STATUS|LONG_EVIDENCE","WRK-899: 급여 명세서 문의, 국민연금 및 건강보험 공제 설명 완료","[{""intent"":""PAYROLL_EXPLANATION"",""evidence"":""급여 명세서 문의, 국민연금 및 건강보험 공제 설명 완료""}]","A","CHANGE","[{""intent"":""OUT_OF_SCOPE"",""evidence"":null}]","새로운 실행 요청 없이 완료·변경 없음·처리 결과만 보고한 문장이므로 OUT_OF_SCOPE로 수정함."
"INT-RVW-1292","1292","HIGH","COMPLETED_STATUS|EXTERNAL_EXECUTION","WRK-902: 계약서 받아서 갱신 접수 완료","[{""intent"":""DOCUMENT_REQUEST"",""evidence"":""계약서 받아서""},{""intent"":""EXPIRY_RENEWAL"",""evidence"":""갱신 접수 완료""}]","A","NEEDS_DISCUSSION","","‘완료’가 과거 상태 보고인지 ‘완료해 달라’는 축약 요청인지 문장만으로 확정하기 어려움."
"INT-RVW-1293","1293","HIGH","PAYROLL_ACCOUNT|COMPLETED_STATUS","신규 WRK-903 여권과 통장사본 받아서 등록 및 급여계좌 개설 완료","[{""intent"":""DOCUMENT_REQUEST"",""evidence"":""여권과 통장사본 받아서""},{""intent"":""WORKER_ONBOARDING"",""evidence"":""등록 및 급여계좌 개설 완료""}]","A","NEEDS_DISCUSSION","","완료 상태 보고인지 요청 축약인지 불명확하며, 급여계좌 개설을 WORKER_ONBOARDING으로 볼지도 함께 합의가 필요함."
"INT-RVW-1295","1295","HIGH","COMPLETED_STATUS","WRK-905: 사업장 변경 완료, 별도 작업지시는 새 회사에서 전달","[{""intent"":""EMPLOYMENT_CHANGE"",""evidence"":""사업장 변경 완료""}]","A","CHANGE","[{""intent"":""OUT_OF_SCOPE"",""evidence"":null}]","새로운 실행 요청 없이 완료·변경 없음·처리 결과만 보고한 문장이므로 OUT_OF_SCOPE로 수정함."
"INT-RVW-1296","1296","HIGH","PAYROLL_ACCOUNT","WRK-906 급여 오류 정정 요청, 통장사본 받아서 재확인 필요","[{""intent"":""PAYROLL_EXPLANATION"",""evidence"":""급여 오류 정정 요청""},{""intent"":""DOCUMENT_REQUEST"",""evidence"":""통장사본 받아서 재확인 필요""}]","A","KEEP","",""
"INT-RVW-1300","1300","HIGH","COMPLETED_STATUS","신규 WRK-910 계약서 받아서 신규 등록 완료","[{""intent"":""DOCUMENT_REQUEST"",""evidence"":""계약서 받아서""},{""intent"":""WORKER_ONBOARDING"",""evidence"":""신규 등록 완료""}]","A","CHANGE","[{""intent"":""OUT_OF_SCOPE"",""evidence"":null}]","새로운 실행 요청 없이 완료·변경 없음·처리 결과만 보고한 문장이므로 OUT_OF_SCOPE로 수정함."
"INT-RVW-1303","1303","HIGH","COMPLETED_STATUS","WRK-913 계약만료 임박, 재계약 서류 받아서 준비하고 라인 배치는 그대로 유지","[{""intent"":""EXPIRY_RENEWAL"",""evidence"":""계약만료 임박, 재계약""},{""intent"":""DOCUMENT_REQUEST"",""evidence"":""서류 받아서 준비""},{""intent"":""WORK_INSTRUCTION"",""evidence"":""라인 배치는 그대로 유지""}]","A","KEEP","",""
"INT-RVW-1307","1307","HIGH","EXTERNAL_EXECUTION","WRK-917: 연락두절 확인, 신고 준비 중","[{""intent"":""EMPLOYMENT_CHANGE"",""evidence"":""연락두절 확인, 신고 준비 중""}]","A","CHANGE","[{""intent"":""EMPLOYMENT_CHANGE"",""evidence"":""연락두절 확인""}]","지원 Intent는 유지하고, 기관 신고·신청·접수 실행 표현 또는 다른 Intent 문구를 evidence에서 분리함."
"INT-RVW-1310","1310","HIGH","COMPLETED_STATUS","WRK-920: 오늘 작업지시 재확인 요청, 큰 변경 없음","[{""intent"":""WORK_INSTRUCTION"",""evidence"":""오늘 작업지시 재확인 요청, 큰 변경 없음""}]","A","KEEP","",""
"INT-RVW-1314","1314","HIGH","COMPLETED_STATUS|EXTERNAL_EXECUTION","WRK-924 여권 받아서 체류연장 신청, 접수 완료했어요","[{""intent"":""DOCUMENT_REQUEST"",""evidence"":""여권 받아서""},{""intent"":""EXPIRY_RENEWAL"",""evidence"":""체류연장 신청, 접수 완료했어요""}]","A","CHANGE","[{""intent"":""OUT_OF_SCOPE"",""evidence"":null}]","새로운 실행 요청 없이 완료·변경 없음·처리 결과만 보고한 문장이므로 OUT_OF_SCOPE로 수정함."
"INT-RVW-1317","1317","HIGH","PAYROLL_ACCOUNT","신규 WRK-927 등록증 받아서 등록 처리, 급여계좌는 추후 개설 예정","[{""intent"":""DOCUMENT_REQUEST"",""evidence"":""등록증 받아서""},{""intent"":""WORKER_ONBOARDING"",""evidence"":""등록 처리""}]","A","NEEDS_DISCUSSION","","급여계좌 관련 발화가 정보 등록·변경인지 급여 처리 문의인지 문맥이 부족해 규칙 합의가 필요함."
"INT-RVW-1318","1318","HIGH","COMPLETED_STATUS","WRK-928: 급여 지연 문의 답변 완료","[{""intent"":""PAYROLL_EXPLANATION"",""evidence"":""급여 지연 문의 답변 완료""}]","A","CHANGE","[{""intent"":""OUT_OF_SCOPE"",""evidence"":null}]","새로운 실행 요청 없이 완료·변경 없음·처리 결과만 보고한 문장이므로 OUT_OF_SCOPE로 수정함."
"INT-RVW-1319","1319","HIGH","EXTERNAL_EXECUTION","WRK-929 계약만료 임박, 여권 받아서 연장 서류 접수, 새 근무 배치는 미정","[{""intent"":""EXPIRY_RENEWAL"",""evidence"":""계약만료 임박""},{""intent"":""DOCUMENT_REQUEST"",""evidence"":""여권 받아서 연장 서류 접수""}]","A","CHANGE","[{""intent"":""EXPIRY_RENEWAL"",""evidence"":""계약만료 임박""},{""intent"":""DOCUMENT_REQUEST"",""evidence"":""여권 받아서""}]","지원 Intent는 유지하고, 기관 신고·신청·접수 실행 표현 또는 다른 Intent 문구를 evidence에서 분리함."
"INT-RVW-1320","1320","HIGH","EXTERNAL_EXECUTION","WRK-930 오늘 무단결근으로 라인 공백, 급하게 대체인력 배치했고 신고도 접수함","[{""intent"":""EMPLOYMENT_CHANGE"",""evidence"":""오늘 무단결근으로 라인 공백""},{""intent"":""WORK_INSTRUCTION"",""evidence"":""급하게 대체인력 배치했고""}]","A","CHANGE","[{""intent"":""OUT_OF_SCOPE"",""evidence"":null}]","새로운 실행 요청 없이 완료·변경 없음·처리 결과만 보고한 문장이므로 OUT_OF_SCOPE로 수정함."
"INT-RVW-1322","1322","HIGH","PAYROLL_ACCOUNT","신규 WRK-932 여권과 계약서 받아서 등록 진행, 배치 및 급여계좌는 다음 주 처리 예정","[{""intent"":""DOCUMENT_REQUEST"",""evidence"":""여권과 계약서 받아서""},{""intent"":""WORKER_ONBOARDING"",""evidence"":""등록 진행""},{""intent"":""WORK_INSTRUCTION"",""evidence"":""배치""},{""intent"":""PAYROLL_EXPLANATION"",""evidence"":""급여계좌는 다음 주 처리 예정""}]","A","NEEDS_DISCUSSION","","급여계좌 관련 발화가 정보 등록·변경인지 급여 처리 문의인지 문맥이 부족해 규칙 합의가 필요함."
"INT-RVW-1323","1323","HIGH","PAYROLL_ACCOUNT","WRK-933 급여계좌 오류, 통장사본 받아서 재등록 부탁","[{""intent"":""PAYROLL_EXPLANATION"",""evidence"":""급여계좌 오류""},{""intent"":""DOCUMENT_REQUEST"",""evidence"":""통장사본 받아서 재등록 부탁""}]","A","CHANGE","[{""intent"":""DOCUMENT_REQUEST"",""evidence"":""통장사본 받아서""},{""intent"":""WORKER_ONBOARDING"",""evidence"":""재등록 부탁""}]","급여 금액·공제 설명이 아니라 계좌 또는 기본정보의 최초 등록·변경 업무이므로 WORKER_ONBOARDING 경계로 수정함."
"INT-RVW-1326","1326","HIGH","COMPLETED_STATUS","WRK-936: 여권 받아서 갱신 신청 완료함","[{""intent"":""DOCUMENT_REQUEST"",""evidence"":""여권 받아서""},{""intent"":""EXPIRY_RENEWAL"",""evidence"":""갱신 신청 완료함""}]","A","CHANGE","[{""intent"":""OUT_OF_SCOPE"",""evidence"":null}]","새로운 실행 요청 없이 완료·변경 없음·처리 결과만 보고한 문장이므로 OUT_OF_SCOPE로 수정함."
"INT-RVW-1331","1331","HIGH","COMPLETED_STATUS","WRK-941 계약서 받아서 재계약 완료, 오늘부터 새 라인 배치","[{""intent"":""DOCUMENT_REQUEST"",""evidence"":""계약서 받아서""},{""intent"":""EXPIRY_RENEWAL"",""evidence"":""재계약 완료""},{""intent"":""WORK_INSTRUCTION"",""evidence"":""오늘부터 새 라인 배치""}]","A","KEEP","",""
"INT-RVW-1334","1334","HIGH","COMPLETED_STATUS","신규 WRK-944 등록증과 여권 받아서 등록 완료, 배치는 내일부터 시작","[{""intent"":""DOCUMENT_REQUEST"",""evidence"":""등록증과 여권 받아서""},{""intent"":""WORKER_ONBOARDING"",""evidence"":""등록 완료""},{""intent"":""WORK_INSTRUCTION"",""evidence"":""배치는 내일부터 시작""}]","A","KEEP","",""
"INT-RVW-1338","1338","HIGH","EXTERNAL_EXECUTION","WRK-948 무단결근 신고, 대체인력 배치 및 급여 정지 안내 함께 처리","[{""intent"":""EMPLOYMENT_CHANGE"",""evidence"":""무단결근 신고""},{""intent"":""WORK_INSTRUCTION"",""evidence"":""대체인력 배치""},{""intent"":""PAYROLL_EXPLANATION"",""evidence"":""급여 정지 안내 함께 처리""}]","A","CHANGE","[{""intent"":""EMPLOYMENT_CHANGE"",""evidence"":""무단결근""},{""intent"":""WORK_INSTRUCTION"",""evidence"":""대체인력 배치""},{""intent"":""PAYROLL_EXPLANATION"",""evidence"":""급여 정지 안내 함께 처리""}]","지원 Intent는 유지하고, 기관 신고·신청·접수 실행 표현 또는 다른 Intent 문구를 evidence에서 분리함."
"INT-RVW-1339","1339","HIGH","COMPLETED_STATUS","신규 WRK-949 계약서와 등록증 받아서 등록 처리 완료","[{""intent"":""DOCUMENT_REQUEST"",""evidence"":""계약서와 등록증 받아서""},{""intent"":""WORKER_ONBOARDING"",""evidence"":""등록 처리 완료""}]","A","CHANGE","[{""intent"":""OUT_OF_SCOPE"",""evidence"":null}]","새로운 실행 요청 없이 완료·변경 없음·처리 결과만 보고한 문장이므로 OUT_OF_SCOPE로 수정함."
"INT-RVW-0001","1","MEDIUM","LONG_EVIDENCE","WRK-102님께 내일 오전 7시까지 2공장으로 출근하라고 안내해주세요.","[{""intent"":""WORK_INSTRUCTION"",""evidence"":""내일 오전 7시까지 2공장으로 출근하라고 안내""}]","A","KEEP","",""
"INT-RVW-0005","5","MEDIUM","LONG_EVIDENCE","WRK-190 내일부터 3라인 말고 5라인 가서 일하라고 해","[{""intent"":""WORK_INSTRUCTION"",""evidence"":""내일부터 3라인 말고 5라인 가서 일하라고 해""}]","A","KEEP","",""
"INT-RVW-0008","8","MEDIUM","LONG_EVIDENCE","WRK-402님 프레스 작업 시 반드시 2인 1조로 진행하도록 지시 바랍니다","[{""intent"":""WORK_INSTRUCTION"",""evidence"":""프레스 작업 시 반드시 2인 1조로 진행하도록 지시""}]","A","KEEP","",""
"INT-RVW-0010","10","MEDIUM","LONG_EVIDENCE","WRK-284님께 다음주 월요일부터 새벽 6시 출근으로 시간 조정한다고 알려주세요","[{""intent"":""WORK_INSTRUCTION"",""evidence"":""새벽 6시 출근으로 시간 조정한다고 알려주세요""}]","A","KEEP","",""
"INT-RVW-0011","11","MEDIUM","LONG_EVIDENCE","WRK-017 오늘 크레인 작업 금지, 대신 포장라인 투입","[{""intent"":""WORK_INSTRUCTION"",""evidence"":""오늘 크레인 작업 금지, 대신 포장라인 투입""}]","A","KEEP","",""
"INT-RVW-0012","12","MEDIUM","LONG_EVIDENCE","WRK-355님 현장 안전모 미착용 적발시 즉시 작업 중지 지시 전달","[{""intent"":""WORK_INSTRUCTION"",""evidence"":""안전모 미착용 적발시 즉시 작업 중지 지시 전달""}]","A","KEEP","",""
"INT-RVW-0034","34","MEDIUM","LONG_EVIDENCE","WRK-078 이번달 실수령액이 저번달보다 왜 줄었는지 설명 필요","[{""intent"":""PAYROLL_EXPLANATION"",""evidence"":""실수령액이 저번달보다 왜 줄었는지 설명 필요""}]","A","KEEP","",""
"INT-RVW-0043","43","MEDIUM","LEAVE_BOUNDARY","WRK-091님께 연차수당 정산 내역 안내","[{""intent"":""PAYROLL_EXPLANATION"",""evidence"":""연차수당 정산 내역 안내""}]","A","KEEP","",""
"INT-RVW-0064","64","MEDIUM","LEAVE_BOUNDARY","WRK-569 이번주부터 연차 휴가 사용 등록","[{""intent"":""EMPLOYMENT_CHANGE"",""evidence"":""연차 휴가 사용 등록""}]","A","NEEDS_DISCUSSION","","일반 연차·병가·결혼휴가를 EMPLOYMENT_CHANGE로 볼지, 일정/근태 업무로 분리할지 라벨 규칙 합의가 필요함."
"INT-RVW-0071","71","MEDIUM","LEAVE_BOUNDARY","WRK-436님 병가 신청 승인 처리 부탁드립니다","[{""intent"":""EMPLOYMENT_CHANGE"",""evidence"":""병가 신청 승인 처리""}]","A","NEEDS_DISCUSSION","","일반 연차·병가·결혼휴가를 EMPLOYMENT_CHANGE로 볼지, 일정/근태 업무로 분리할지 라벨 규칙 합의가 필요함."
"INT-RVW-0078","78","MEDIUM","LONG_EVIDENCE","WRK-303님 근로계약 만료 2주 남았으니 재계약 절차 진행 부탁드립니다","[{""intent"":""EXPIRY_RENEWAL"",""evidence"":""근로계약 만료 2주 남았으니 재계약 절차 진행""}]","A","KEEP","",""
"INT-RVW-0082","82","MEDIUM","LONG_EVIDENCE","WRK-747님 근로계약 종료 임박, 재계약 여부 논의 필요","[{""intent"":""EXPIRY_RENEWAL"",""evidence"":""근로계약 종료 임박, 재계약 여부 논의 필요""}]","A","KEEP","",""
"INT-RVW-0088","88","MEDIUM","LONG_EVIDENCE","WRK-513님 체류기간 만료까지 한달 남아 연장 절차 시작","[{""intent"":""EXPIRY_RENEWAL"",""evidence"":""체류기간 만료까지 한달 남아 연장 절차 시작""}]","A","KEEP","",""
"INT-RVW-0131","131","MEDIUM","LONG_EVIDENCE","wrk-970 오늘 점검때문에 늦게 시작한다고 톡 좀 보내줘","[{""intent"":""WORK_INSTRUCTION"",""evidence"":""오늘 점검때문에 늦게 시작한다고 톡 좀 보내줘""}]","A","KEEP","",""
"INT-RVW-0171","171","MEDIUM","LONG_EVIDENCE","wrk-970 이번달 월급 왜 이렇게 적게 들어왔냐고 물어봐서","[{""intent"":""PAYROLL_EXPLANATION"",""evidence"":""이번달 월급 왜 이렇게 적게 들어왔냐고 물어봐서""}]","A","KEEP","",""
"INT-RVW-0194","194","MEDIUM","LONG_EVIDENCE","WRK-479님 신규 입사자 등록 및 사원증 발급 요청드립니다","[{""intent"":""WORKER_ONBOARDING"",""evidence"":""신규 입사자 등록 및 사원증 발급 요청드립니다""}]","A","KEEP","",""
"INT-RVW-0199","199","MEDIUM","LEAVE_BOUNDARY","WRK-924 다음주부터 3일간 연차 사용 등록","[{""intent"":""EMPLOYMENT_CHANGE"",""evidence"":""3일간 연차 사용 등록""}]","A","NEEDS_DISCUSSION","","일반 연차·병가·결혼휴가를 EMPLOYMENT_CHANGE로 볼지, 일정/근태 업무로 분리할지 라벨 규칙 합의가 필요함."
"INT-RVW-0206","206","MEDIUM","LEAVE_BOUNDARY","WRK-691님 병원 진단서 첨부하여 병가 신청 승인","[{""intent"":""EMPLOYMENT_CHANGE"",""evidence"":""병가 신청 승인""}]","A","NEEDS_DISCUSSION","","일반 연차·병가·결혼휴가를 EMPLOYMENT_CHANGE로 볼지, 일정/근태 업무로 분리할지 라벨 규칙 합의가 필요함."
"INT-RVW-0211","211","MEDIUM","LONG_EVIDENCE","WRK-146님 근로계약 만료 임박, 연장 절차 서둘러 진행해주세요","[{""intent"":""EXPIRY_RENEWAL"",""evidence"":""근로계약 만료 임박, 연장 절차 서둘러 진행""}]","A","KEEP","",""
"INT-RVW-0220","220","MEDIUM","LONG_EVIDENCE","WRK-035 비자 만료 임박, 서둘러 연장 절차 진행해줘","[{""intent"":""EXPIRY_RENEWAL"",""evidence"":""비자 만료 임박, 서둘러 연장 절차 진행해줘""}]","A","KEEP","",""
"INT-RVW-0274","274","MEDIUM","LEAVE_BOUNDARY","WRK-540 연차 미사용 수당 정산 내역 설명해줘","[{""intent"":""PAYROLL_EXPLANATION"",""evidence"":""연차 미사용 수당 정산 내역 설명해줘""}]","A","KEEP","",""
"INT-RVW-0294","294","MEDIUM","LEAVE_BOUNDARY","WRK-540 다음주 연차 이틀 사용 등록","[{""intent"":""EMPLOYMENT_CHANGE"",""evidence"":""연차 이틀 사용 등록""}]","A","NEEDS_DISCUSSION","","일반 연차·병가·결혼휴가를 EMPLOYMENT_CHANGE로 볼지, 일정/근태 업무로 분리할지 라벨 규칙 합의가 필요함."
"INT-RVW-0311","311","MEDIUM","LONG_EVIDENCE","wrk-217 체류기간 다음달 만료라던데 연장 좀 알아봐줘","[{""intent"":""EXPIRY_RENEWAL"",""evidence"":""체류기간 다음달 만료라던데 연장 좀 알아봐줘""}]","A","KEEP","",""
"INT-RVW-0315","315","MEDIUM","LONG_EVIDENCE","WRK-651 체류연장 허가 신청서 작성 및 제출 절차 진행","[{""intent"":""EXPIRY_RENEWAL"",""evidence"":""체류연장 허가 신청서 작성 및 제출 절차 진행""}]","A","KEEP","",""
"INT-RVW-0321","321","MEDIUM","LONG_EVIDENCE","WRK-217 계약 만료 두달 전이라 연장 절차 미리 시작해줘","[{""intent"":""EXPIRY_RENEWAL"",""evidence"":""계약 만료 두달 전이라 연장 절차 미리 시작해줘""}]","A","KEEP","",""
"INT-RVW-0326","326","MEDIUM","LONG_EVIDENCE","WRK-762님 근로계약 만료 다가와서 연장 여부 빨리 결정 부탁드립니다","[{""intent"":""EXPIRY_RENEWAL"",""evidence"":""근로계약 만료 다가와서 연장 여부 빨리 결정""}]","A","KEEP","",""
"INT-RVW-0356","356","MEDIUM","LONG_EVIDENCE","WRK-762님 고용허가서 사본 다시 받아 대조 부탁드립니다","[{""intent"":""DOCUMENT_REQUEST"",""evidence"":""고용허가서 사본 다시 받아 대조 부탁드립니다""}]","A","KEEP","",""
"INT-RVW-0376","376","MEDIUM","LEAVE_BOUNDARY","WRK-762 연차수당 미지급건 확인 부탁드려","[{""intent"":""PAYROLL_EXPLANATION"",""evidence"":""연차수당 미지급건 확인""}]","A","KEEP","",""
"INT-RVW-0404","404","MEDIUM","LEAVE_BOUNDARY","WRK-540 이번주 연차 하루 사용 등록해줘","[{""intent"":""EMPLOYMENT_CHANGE"",""evidence"":""연차 하루 사용 등록해줘""}]","A","NEEDS_DISCUSSION","","일반 연차·병가·결혼휴가를 EMPLOYMENT_CHANGE로 볼지, 일정/근태 업무로 분리할지 라벨 규칙 합의가 필요함."
"INT-RVW-0445","445","MEDIUM","LEAVE_BOUNDARY","이번 여름휴가 다녀올 만한 국내 여행지 추천해줘","[{""intent"":""OUT_OF_SCOPE"",""evidence"":null}]","A","KEEP","",""
"INT-RVW-0470","470","MEDIUM","LONG_EVIDENCE","WRK-540님 건강검진 결과지 제출받아 파일 정리 부탁드립니다","[{""intent"":""DOCUMENT_REQUEST"",""evidence"":""건강검진 결과지 제출받아 파일 정리 부탁드립니다""}]","A","KEEP","",""
"INT-RVW-0474","474","MEDIUM","LEAVE_BOUNDARY","WRK-984님 연차수당 정산 시기 문의드립니다","[{""intent"":""PAYROLL_EXPLANATION"",""evidence"":""연차수당 정산 시기 문의드립니다""}]","A","KEEP","",""
"INT-RVW-0481","481","MEDIUM","LONG_EVIDENCE","첨부한 서류로 WRK-651님 신규 등록 및 국민연금 최초 가입 부탁드립니다","[{""intent"":""WORKER_ONBOARDING"",""evidence"":""신규 등록 및 국민연금 최초 가입 부탁드립니다""}]","A","KEEP","",""
"INT-RVW-0494","494","MEDIUM","LEAVE_BOUNDARY","WRK-984 이번주 연차 사흘 사용 등록해줘","[{""intent"":""EMPLOYMENT_CHANGE"",""evidence"":""연차 사흘 사용 등록해줘""}]","A","NEEDS_DISCUSSION","","일반 연차·병가·결혼휴가를 EMPLOYMENT_CHANGE로 볼지, 일정/근태 업무로 분리할지 라벨 규칙 합의가 필요함."
"INT-RVW-0501","501","MEDIUM","LEAVE_BOUNDARY","WRK-651 병가 신청 승인 및 상태 반영해줘","[{""intent"":""EMPLOYMENT_CHANGE"",""evidence"":""병가 신청 승인 및 상태 반영해줘""}]","A","NEEDS_DISCUSSION","","일반 연차·병가·결혼휴가를 EMPLOYMENT_CHANGE로 볼지, 일정/근태 업무로 분리할지 라벨 규칙 합의가 필요함."
"INT-RVW-0502","502","MEDIUM","LONG_EVIDENCE","WRK-762님 사업장 변경 후 재직상태 업데이트 부탁드립니다","[{""intent"":""EMPLOYMENT_CHANGE"",""evidence"":""사업장 변경 후 재직상태 업데이트 부탁드립니다""}]","A","KEEP","",""
"INT-RVW-0507","507","MEDIUM","LONG_EVIDENCE","WRK-217 체류기간 만료 2주 전, 연장신청서 작성해줘","[{""intent"":""EXPIRY_RENEWAL"",""evidence"":""체류기간 만료 2주 전, 연장신청서 작성해줘""}]","A","KEEP","",""
"INT-RVW-0515","515","MEDIUM","LONG_EVIDENCE","WRK-095 비자 연장 신청서 제출 기한 임박, 서둘러줘","[{""intent"":""EXPIRY_RENEWAL"",""evidence"":""비자 연장 신청서 제출 기한 임박, 서둘러줘""}]","A","KEEP","",""
"INT-RVW-0522","522","MEDIUM","LONG_EVIDENCE","WRK-762님 근로계약 종료 임박, 사업주 재계약 의사 확인 부탁드립니다","[{""intent"":""EXPIRY_RENEWAL"",""evidence"":""근로계약 종료 임박, 사업주 재계약 의사 확인""}]","A","KEEP","",""
"INT-RVW-0525","525","MEDIUM","LONG_EVIDENCE","WRK-095 근로계약 만료 임박, 재계약 여부 빨리 정해줘","[{""intent"":""EXPIRY_RENEWAL"",""evidence"":""근로계약 만료 임박, 재계약 여부 빨리 정해줘""}]","A","KEEP","",""
"INT-RVW-0531","531","MEDIUM","LONG_EVIDENCE","WRK-651 체류기간 만료 임박, 연장 승인 여부 확인해줘","[{""intent"":""EXPIRY_RENEWAL"",""evidence"":""체류기간 만료 임박, 연장 승인 여부 확인해줘""}]","A","KEEP","",""
"INT-RVW-0533","533","MEDIUM","LONG_EVIDENCE","WRK-873 비자 만료 임박, 담당 대행사에 연장 요청해줘","[{""intent"":""EXPIRY_RENEWAL"",""evidence"":""비자 만료 임박, 담당 대행사에 연장 요청해줘""}]","A","KEEP","",""
"INT-RVW-0534","534","MEDIUM","LONG_EVIDENCE","WRK-984님 근로계약 종료 두달 전, 연장 여부 조기 논의 부탁드립니다","[{""intent"":""EXPIRY_RENEWAL"",""evidence"":""근로계약 종료 두달 전, 연장 여부 조기 논의""}]","A","KEEP","",""
"INT-RVW-0561","561","MEDIUM","LONG_EVIDENCE","WRK-651님 여권 사진면 사본 받아서 서류철 정리 부탁드립니다","[{""intent"":""DOCUMENT_REQUEST"",""evidence"":""여권 사진면 사본 받아서 서류철 정리 부탁드립니다""}]","A","KEEP","",""
"INT-RVW-0570","570","MEDIUM","LONG_EVIDENCE","WRK-540님 여권 갱신본 받아서 만료일 업데이트 부탁드립니다","[{""intent"":""DOCUMENT_REQUEST"",""evidence"":""여권 갱신본 받아서 만료일 업데이트 부탁드립니다""}]","A","KEEP","",""
"INT-RVW-0587","587","MEDIUM","LONG_EVIDENCE","wrk-217 이번달 월급 왜 늦게 들어왔는지 물어봐서 확인 좀","[{""intent"":""PAYROLL_EXPLANATION"",""evidence"":""이번달 월급 왜 늦게 들어왔는지 물어봐서 확인 좀""}]","A","KEEP","",""
"INT-RVW-0596","596","MEDIUM","LEAVE_BOUNDARY","WRK-106님께 연차수당 정산 오류 재확인 부탁드립니다","[{""intent"":""PAYROLL_EXPLANATION"",""evidence"":""연차수당 정산 오류 재확인""}]","A","KEEP","",""
"INT-RVW-0610","610","MEDIUM","LONG_EVIDENCE","WRK-540님 신규 입사자 기숙사 배정 및 초기 프로필 등록 부탁드립니다","[{""intent"":""WORKER_ONBOARDING"",""evidence"":""기숙사 배정 및 초기 프로필 등록 부탁드립니다""}]","A","KEEP","",""
"INT-RVW-0624","624","MEDIUM","LEAVE_BOUNDARY","WRK-984 다음주 연차 이틀 사용 반영해줘","[{""intent"":""EMPLOYMENT_CHANGE"",""evidence"":""연차 이틀 사용 반영해줘""}]","A","NEEDS_DISCUSSION","","일반 연차·병가·결혼휴가를 EMPLOYMENT_CHANGE로 볼지, 일정/근태 업무로 분리할지 라벨 규칙 합의가 필요함."
"INT-RVW-0629","629","MEDIUM","LONG_EVIDENCE","WRK-439 무단결근 누적, 계약해지 여부 검토 요청드립니다","[{""intent"":""EMPLOYMENT_CHANGE"",""evidence"":""무단결근 누적, 계약해지 여부 검토 요청드립니다""}]","A","KEEP","",""
"INT-RVW-0630","630","MEDIUM","LEAVE_BOUNDARY","WRK-540님 장기 병가 신청 및 재직상태 변경 반영 부탁드립니다","[{""intent"":""EMPLOYMENT_CHANGE"",""evidence"":""장기 병가 신청 및 재직상태 변경 반영""}]","A","KEEP","",""
"INT-RVW-0631","631","MEDIUM","LONG_EVIDENCE","WRK-651 퇴사 정산 및 이직확인서 발급 진행 확인해줘","[{""intent"":""EMPLOYMENT_CHANGE"",""evidence"":""퇴사 정산 및 이직확인서 발급 진행 확인해줘""}]","A","KEEP","",""
"INT-RVW-0696","696","MEDIUM","LONG_EVIDENCE","WRK-328님 여권 사본 받아서 서류철에 정리 부탁드립니다","[{""intent"":""DOCUMENT_REQUEST"",""evidence"":""여권 사본 받아서 서류철에 정리 부탁드립니다""}]","A","KEEP","",""
"INT-RVW-0709","709","MEDIUM","LONG_EVIDENCE","WRK-651님 재직증명서 재발급받아 파일 정리 부탁드립니다","[{""intent"":""DOCUMENT_REQUEST"",""evidence"":""재직증명서 재발급받아 파일 정리 부탁드립니다""}]","A","KEEP","",""
"INT-RVW-0739","739","MEDIUM","LEAVE_BOUNDARY","WRK-651 이번주 연차 하루 사용 등록해줘","[{""intent"":""EMPLOYMENT_CHANGE"",""evidence"":""연차 하루 사용 등록해줘""}]","A","NEEDS_DISCUSSION","","일반 연차·병가·결혼휴가를 EMPLOYMENT_CHANGE로 볼지, 일정/근태 업무로 분리할지 라벨 규칙 합의가 필요함."
"INT-RVW-0746","746","MEDIUM","LEAVE_BOUNDARY","WRK-328님 병가 신청 승인 처리 부탁드립니다","[{""intent"":""EMPLOYMENT_CHANGE"",""evidence"":""병가 신청 승인 처리 부탁드립니다""}]","A","NEEDS_DISCUSSION","","일반 연차·병가·결혼휴가를 EMPLOYMENT_CHANGE로 볼지, 일정/근태 업무로 분리할지 라벨 규칙 합의가 필요함."
"INT-RVW-0758","758","MEDIUM","LONG_EVIDENCE","WRK-540님 외국인등록증 만료 전 갱신 절차 진행 부탁드립니다","[{""intent"":""EXPIRY_RENEWAL"",""evidence"":""외국인등록증 만료 전 갱신 절차 진행 부탁드립니다""}]","A","KEEP","",""
"INT-RVW-0762","762","MEDIUM","LONG_EVIDENCE","WRK-984님 비자 갱신 신청 마감 임박, 서둘러 진행 부탁드립니다","[{""intent"":""EXPIRY_RENEWAL"",""evidence"":""비자 갱신 신청 마감 임박, 서둘러 진행 부탁드립니다""}]","A","KEEP","",""
"INT-RVW-0790","790","MEDIUM","LEAVE_BOUNDARY","WRK-762 연차수당 정산 시기 재문의 왔어","[{""intent"":""PAYROLL_EXPLANATION"",""evidence"":""연차수당 정산 시기 재문의""}]","A","KEEP","",""
"INT-RVW-0796","796","MEDIUM","LONG_EVIDENCE","첨부한 서류로 WRK-328님 신규 등록 및 4대보험 최초 가입 부탁드립니다","[{""intent"":""WORKER_ONBOARDING"",""evidence"":""신규 등록 및 4대보험 최초 가입 부탁드립니다""}]","A","KEEP","",""
"INT-RVW-0805","805","MEDIUM","LONG_EVIDENCE","WRK-217님 신규 입사자 기숙사 배정 및 초기 프로필 등록 부탁드립니다","[{""intent"":""WORKER_ONBOARDING"",""evidence"":""기숙사 배정 및 초기 프로필 등록 부탁드립니다""}]","A","KEEP","",""
"INT-RVW-0810","810","MEDIUM","LEAVE_BOUNDARY","WRK-762 이번주 연차 이틀 사용 등록해줘","[{""intent"":""EMPLOYMENT_CHANGE"",""evidence"":""연차 이틀 사용 등록해줘""}]","A","NEEDS_DISCUSSION","","일반 연차·병가·결혼휴가를 EMPLOYMENT_CHANGE로 볼지, 일정/근태 업무로 분리할지 라벨 규칙 합의가 필요함."
"INT-RVW-0821","821","MEDIUM","LONG_EVIDENCE","WRK-873님 체류기간 만료 임박, 연장절차 진행 부탁드립니다","[{""intent"":""EXPIRY_RENEWAL"",""evidence"":""체류기간 만료 임박, 연장절차 진행 부탁드립니다""}]","A","KEEP","",""
"INT-RVW-0823","823","MEDIUM","LONG_EVIDENCE","WRK-095님 근로계약 만료 2주 남았으니 재계약 절차 진행 부탁드립니다","[{""intent"":""EXPIRY_RENEWAL"",""evidence"":""근로계약 만료 2주 남았으니 재계약 절차 진행 부탁드립니다""}]","A","KEEP","",""
"INT-RVW-0827","827","MEDIUM","LONG_EVIDENCE","WRK-439님 근로계약 종료 임박, 재계약 여부 논의 부탁드립니다","[{""intent"":""EXPIRY_RENEWAL"",""evidence"":""근로계약 종료 임박, 재계약 여부 논의 부탁드립니다""}]","A","KEEP","",""
"INT-RVW-0832","832","MEDIUM","LONG_EVIDENCE","WRK-984 비자 갱신 신청 마감일 임박, 서둘러 진행해줘","[{""intent"":""EXPIRY_RENEWAL"",""evidence"":""비자 갱신 신청 마감일 임박, 서둘러 진행해줘""}]","A","KEEP","",""
"INT-RVW-0935","935","MEDIUM","LEAVE_BOUNDARY","WRK-406 휴가 갔으니까 그동안 WRK-407 한테 그 라인 맡겨줘","[{""intent"":""EMPLOYMENT_CHANGE"",""evidence"":""WRK-406 휴가 갔으니까""},{""intent"":""WORK_INSTRUCTION"",""evidence"":""WRK-407 한테 그 라인 맡겨줘""}]","A","CHANGE","[{""intent"":""WORK_INSTRUCTION"",""evidence"":""WRK-407 한테 그 라인 맡겨줘""}]","일반 휴가 사실만으로 EMPLOYMENT_CHANGE를 자동 부여하지 않고, 발화에 명시된 실제 후속 업무 Intent만 유지함."
"INT-RVW-0940","940","MEDIUM","LEAVE_BOUNDARY","WRK-413의 휴가로 인해 해당 라인 작업은 WRK-414가 대신 맡도록 지시해주시기 바랍니다.","[{""intent"":""EMPLOYMENT_CHANGE"",""evidence"":""WRK-413의 휴가로 인해""},{""intent"":""WORK_INSTRUCTION"",""evidence"":""WRK-414가 대신 맡도록 지시""}]","A","CHANGE","[{""intent"":""WORK_INSTRUCTION"",""evidence"":""WRK-414가 대신 맡도록 지시""}]","일반 휴가 사실만으로 EMPLOYMENT_CHANGE를 자동 부여하지 않고, 발화에 명시된 실제 후속 업무 Intent만 유지함."
"INT-RVW-0946","946","MEDIUM","LEAVE_BOUNDARY","WRK-422가 휴가 중이므로, 대체 인력에게 오전 작업 지시를 전달해주세요.","[{""intent"":""EMPLOYMENT_CHANGE"",""evidence"":""휴가 중이므로""},{""intent"":""WORK_INSTRUCTION"",""evidence"":""대체 인력에게 오전 작업 지시를 전달""}]","A","CHANGE","[{""intent"":""WORK_INSTRUCTION"",""evidence"":""대체 인력에게 오전 작업 지시를 전달""}]","일반 휴가 사실만으로 EMPLOYMENT_CHANGE를 자동 부여하지 않고, 발화에 명시된 실제 후속 업무 Intent만 유지함."
"INT-RVW-0951","951","MEDIUM","LEAVE_BOUNDARY","WRK-428: 휴가 처리, 임시 인력 배치 지시","[{""intent"":""EMPLOYMENT_CHANGE"",""evidence"":""휴가 처리""},{""intent"":""WORK_INSTRUCTION"",""evidence"":""임시 인력 배치 지시""}]","A","CHANGE","[{""intent"":""WORK_INSTRUCTION"",""evidence"":""임시 인력 배치 지시""}]","일반 휴가 사실만으로 EMPLOYMENT_CHANGE를 자동 부여하지 않고, 발화에 명시된 실제 후속 업무 Intent만 유지함."
"INT-RVW-0955","955","MEDIUM","LONG_EVIDENCE","WRK-433의 퇴사가 확정됨에 따라, 잔여 업무는 WRK-434에게 인수인계 지시하겠습니다.","[{""intent"":""EMPLOYMENT_CHANGE"",""evidence"":""퇴사가 확정됨""},{""intent"":""WORK_INSTRUCTION"",""evidence"":""잔여 업무는 WRK-434에게 인수인계 지시""}]","A","KEEP","",""
"INT-RVW-0956","956","MEDIUM","LEAVE_BOUNDARY","WRK-435 휴가 냈어, 그동안 현장 안전화 착용 다시 공지해줘","[{""intent"":""EMPLOYMENT_CHANGE"",""evidence"":""WRK-435 휴가 냈어""},{""intent"":""WORK_INSTRUCTION"",""evidence"":""안전화 착용 다시 공지해줘""}]","A","CHANGE","[{""intent"":""WORK_INSTRUCTION"",""evidence"":""안전화 착용 다시 공지해줘""}]","일반 휴가 사실만으로 EMPLOYMENT_CHANGE를 자동 부여하지 않고, 발화에 명시된 실제 후속 업무 Intent만 유지함."
"INT-RVW-0961","961","MEDIUM","LONG_EVIDENCE","WRK-501이 무단결근 중인데, 마침 고용허가기간도 다음 달 만료라 연장 여부부터 확인해야 합니다.","[{""intent"":""EMPLOYMENT_CHANGE"",""evidence"":""무단결근 중인데""},{""intent"":""EXPIRY_RENEWAL"",""evidence"":""고용허가기간도 다음 달 만료라 연장 여부부터 확인""}]","A","KEEP","",""
"INT-RVW-0965","965","MEDIUM","LEAVE_BOUNDARY","WRK-505 휴가 중인데 계약 만료일도 다가와서 갱신 논의 필요해","[{""intent"":""EMPLOYMENT_CHANGE"",""evidence"":""WRK-505 휴가 중인데""},{""intent"":""EXPIRY_RENEWAL"",""evidence"":""계약 만료일도 다가와서 갱신 논의 필요""}]","A","CHANGE","[{""intent"":""EXPIRY_RENEWAL"",""evidence"":""계약 만료일도 다가와서 갱신 논의 필요""}]","일반 휴가 사실만으로 EMPLOYMENT_CHANGE를 자동 부여하지 않고, 발화에 명시된 실제 후속 업무 Intent만 유지함."
"INT-RVW-0967","967","MEDIUM","LONG_EVIDENCE","WRK-507이 무단결근하였고, 체류기간 만료가 임박하여 강제 출국 여부를 검토해야 합니다.","[{""intent"":""EMPLOYMENT_CHANGE"",""evidence"":""무단결근하였고""},{""intent"":""EXPIRY_RENEWAL"",""evidence"":""체류기간 만료가 임박하여 강제 출국 여부를 검토""}]","A","KEEP","",""
"INT-RVW-0968","968","MEDIUM","LONG_EVIDENCE","WRK-508 연락 안 돼서 결근 처리했는데, 계약기간도 이번 달 끝나","[{""intent"":""EMPLOYMENT_CHANGE"",""evidence"":""WRK-508 연락 안 돼서 결근 처리했는데""},{""intent"":""EXPIRY_RENEWAL"",""evidence"":""계약기간도 이번 달 끝나""}]","A","KEEP","",""
"INT-RVW-0971","971","MEDIUM","LEAVE_BOUNDARY","WRK-511 휴가 냈는데 체류기간 연장 신청 아직 안 했대, 확인해줘","[{""intent"":""EMPLOYMENT_CHANGE"",""evidence"":""WRK-511 휴가 냈는데""},{""intent"":""EXPIRY_RENEWAL"",""evidence"":""체류기간 연장 신청 아직 안 했대""}]","A","CHANGE","[{""intent"":""EXPIRY_RENEWAL"",""evidence"":""체류기간 연장 신청 아직 안 했대""}]","일반 휴가 사실만으로 EMPLOYMENT_CHANGE를 자동 부여하지 않고, 발화에 명시된 실제 후속 업무 Intent만 유지함."
"INT-RVW-0977","977","MEDIUM","LEAVE_BOUNDARY|LONG_EVIDENCE","WRK-517 휴가 끝나고 바로 재계약 논의해야 돼, 만료일 얼마 안 남았어","[{""intent"":""EMPLOYMENT_CHANGE"",""evidence"":""WRK-517 휴가 끝나고""},{""intent"":""EXPIRY_RENEWAL"",""evidence"":""재계약 논의해야 돼, 만료일 얼마 안 남았어""}]","A","CHANGE","[{""intent"":""EXPIRY_RENEWAL"",""evidence"":""재계약 논의해야 돼, 만료일 얼마 안 남았어""}]","일반 휴가 사실만으로 EMPLOYMENT_CHANGE를 자동 부여하지 않고, 발화에 명시된 실제 후속 업무 Intent만 유지함."
"INT-RVW-0983","983","MEDIUM","LEAVE_BOUNDARY|LONG_EVIDENCE","WRK-523 휴가 갔다 왔는데 계약 만료 얼마 안 남아서 갱신 결정해야 돼","[{""intent"":""EMPLOYMENT_CHANGE"",""evidence"":""WRK-523 휴가 갔다 왔는데""},{""intent"":""EXPIRY_RENEWAL"",""evidence"":""계약 만료 얼마 안 남아서 갱신 결정해야 돼""}]","A","CHANGE","[{""intent"":""EXPIRY_RENEWAL"",""evidence"":""계약 만료 얼마 안 남아서 갱신 결정해야 돼""}]","일반 휴가 사실만으로 EMPLOYMENT_CHANGE를 자동 부여하지 않고, 발화에 명시된 실제 후속 업무 Intent만 유지함."
"INT-RVW-0985","985","MEDIUM","LONG_EVIDENCE","WRK-525의 사업장 변경이 승인되었으나, 고용허가기간 만료가 임박해 연장 절차가 선행되어야 합니다.","[{""intent"":""EMPLOYMENT_CHANGE"",""evidence"":""사업장 변경이 승인""},{""intent"":""EXPIRY_RENEWAL"",""evidence"":""고용허가기간 만료가 임박해 연장 절차가 선행""}]","A","KEEP","",""
"INT-RVW-0988","988","MEDIUM","LONG_EVIDENCE","WRK-528의 퇴사 절차가 진행 중이며, 체류기간 만료와 시점이 겹쳐 출국 일정을 조율해야 합니다.","[{""intent"":""EMPLOYMENT_CHANGE"",""evidence"":""퇴사 절차가 진행 중""},{""intent"":""EXPIRY_RENEWAL"",""evidence"":""체류기간 만료와 시점이 겹쳐 출국 일정을 조율""}]","A","KEEP","",""
"INT-RVW-0989","989","MEDIUM","LEAVE_BOUNDARY","WRK-529 휴가 신청했는데 고용허가 연장 서류도 같이 준비해야 돼","[{""intent"":""EMPLOYMENT_CHANGE"",""evidence"":""WRK-529 휴가 신청했는데""},{""intent"":""EXPIRY_RENEWAL"",""evidence"":""고용허가 연장 서류도 같이 준비해야 돼""}]","A","CHANGE","[{""intent"":""EXPIRY_RENEWAL"",""evidence"":""고용허가 연장 서류도 같이 준비해야 돼""}]","일반 휴가 사실만으로 EMPLOYMENT_CHANGE를 자동 부여하지 않고, 발화에 명시된 실제 후속 업무 Intent만 유지함."
"INT-RVW-1025","1025","MEDIUM","LONG_EVIDENCE","WRK-635 오늘부터 검사라인 이동, 초과근무 발생분은 다음 주 급여에 반영 예정","[{""intent"":""WORK_INSTRUCTION"",""evidence"":""오늘부터 검사라인 이동""},{""intent"":""PAYROLL_EXPLANATION"",""evidence"":""초과근무 발생분은 다음 주 급여에 반영 예정""}]","A","KEEP","",""
"INT-RVW-1031","1031","MEDIUM","LEAVE_BOUNDARY","WRK-641 오늘부터 3일간 휴가 처리, 복귀 후 작업 배정 미리 정해둬","[{""intent"":""EMPLOYMENT_CHANGE"",""evidence"":""오늘부터 3일간 휴가 처리""},{""intent"":""WORK_INSTRUCTION"",""evidence"":""복귀 후 작업 배정 미리 정해둬""}]","A","CHANGE","[{""intent"":""WORK_INSTRUCTION"",""evidence"":""복귀 후 작업 배정 미리 정해둬""}]","일반 휴가 사실만으로 EMPLOYMENT_CHANGE를 자동 부여하지 않고, 발화에 명시된 실제 후속 업무 Intent만 유지함."
"INT-RVW-1033","1033","MEDIUM","LONG_EVIDENCE","WRK-643: 계약만료 3개월 전, 재계약 여부 사전 논의 필요","[{""intent"":""EXPIRY_RENEWAL"",""evidence"":""계약만료 3개월 전, 재계약 여부 사전 논의 필요""}]","A","KEEP","",""
"INT-RVW-1037","1037","MEDIUM","LONG_EVIDENCE","WRK-647 급여명세서 확인 요청 들어왔는데 공제 내역 좀 설명해줘","[{""intent"":""PAYROLL_EXPLANATION"",""evidence"":""급여명세서 확인 요청 들어왔는데 공제 내역 좀 설명해줘""}]","A","KEEP","",""
"INT-RVW-1038","1038","MEDIUM","LONG_EVIDENCE","WRK-648: 오늘부터 신규라인 투입, 적응기간 동안 배정 조정 필요","[{""intent"":""WORK_INSTRUCTION"",""evidence"":""오늘부터 신규라인 투입, 적응기간 동안 배정 조정 필요""}]","A","KEEP","",""
"INT-RVW-1045","1045","MEDIUM","LONG_EVIDENCE","WRK-655 초과근무수당 계산이 잘못됐다고 하는데 재확인 부탁해요","[{""intent"":""PAYROLL_EXPLANATION"",""evidence"":""초과근무수당 계산이 잘못됐다고 하는데 재확인 부탁해요""}]","A","KEEP","",""
"INT-RVW-1054","1054","MEDIUM","LONG_EVIDENCE","WRK-664 급여 지급일 문의 있음, 이번 달 지급일 안내 부탁해요","[{""intent"":""PAYROLL_EXPLANATION"",""evidence"":""급여 지급일 문의 있음, 이번 달 지급일 안내""}]","A","KEEP","",""
"INT-RVW-1055","1055","MEDIUM","LONG_EVIDENCE","WRK-665: 오늘부터 신규 프로젝트 라인 배정, 첫 주는 OJT로 진행","[{""intent"":""WORK_INSTRUCTION"",""evidence"":""오늘부터 신규 프로젝트 라인 배정, 첫 주는 OJT로 진행""}]","A","KEEP","",""
"INT-RVW-1073","1073","MEDIUM","LEAVE_BOUNDARY","WRK-683 휴가 복귀했으니 원래 라인으로 재배치해줘","[{""intent"":""EMPLOYMENT_CHANGE"",""evidence"":""휴가 복귀했으니""},{""intent"":""WORK_INSTRUCTION"",""evidence"":""원래 라인으로 재배치해줘""}]","A","CHANGE","[{""intent"":""WORK_INSTRUCTION"",""evidence"":""원래 라인으로 재배치해줘""}]","일반 휴가 사실만으로 EMPLOYMENT_CHANGE를 자동 부여하지 않고, 발화에 명시된 실제 후속 업무 Intent만 유지함."
"INT-RVW-1079","1079","MEDIUM","LONG_EVIDENCE","WRK-689 급여 지급 방식 문의, 계좌이체 vs 현금 여부 설명 필요","[{""intent"":""PAYROLL_EXPLANATION"",""evidence"":""급여 지급 방식 문의, 계좌이체 vs 현금 여부 설명 필요""}]","A","KEEP","",""
"INT-RVW-1099","1099","MEDIUM","LEAVE_BOUNDARY","WRK-709 휴가 신청 승인했어, 대체 근무자 배치해줘","[{""intent"":""EMPLOYMENT_CHANGE"",""evidence"":""휴가 신청 승인했어""},{""intent"":""WORK_INSTRUCTION"",""evidence"":""대체 근무자 배치해줘""}]","A","CHANGE","[{""intent"":""WORK_INSTRUCTION"",""evidence"":""대체 근무자 배치해줘""}]","일반 휴가 사실만으로 EMPLOYMENT_CHANGE를 자동 부여하지 않고, 발화에 명시된 실제 후속 업무 Intent만 유지함."
"INT-RVW-1107","1107","MEDIUM","LONG_EVIDENCE","WRK-717 급여 공제 내역 문의, 국민연금 공제액 알려줘","[{""intent"":""PAYROLL_EXPLANATION"",""evidence"":""급여 공제 내역 문의, 국민연금 공제액 알려줘""}]","A","KEEP","",""
"INT-RVW-1119","1119","MEDIUM","LEAVE_BOUNDARY","WRK-729 휴가 중인데 급여는 어떻게 처리되는지 문의 왔어","[{""intent"":""EMPLOYMENT_CHANGE"",""evidence"":""휴가 중인데""},{""intent"":""PAYROLL_EXPLANATION"",""evidence"":""급여는 어떻게 처리되는지 문의 왔어""}]","A","CHANGE","[{""intent"":""PAYROLL_EXPLANATION"",""evidence"":""급여는 어떻게 처리되는지 문의 왔어""}]","일반 휴가 사실만으로 EMPLOYMENT_CHANGE를 자동 부여하지 않고, 발화에 명시된 실제 후속 업무 Intent만 유지함."
"INT-RVW-1126","1126","MEDIUM","LONG_EVIDENCE","WRK-736 오늘부터 신규 라인 근무, 3개월 후 정규 배치 예정","[{""intent"":""WORK_INSTRUCTION"",""evidence"":""오늘부터 신규 라인 근무, 3개월 후 정규 배치 예정""}]","A","KEEP","",""
"INT-RVW-1150","1150","MEDIUM","LONG_EVIDENCE","WRK-760 오늘 작업지시서 전달했고, 다음 주 스케줄 변경 예정","[{""intent"":""WORK_INSTRUCTION"",""evidence"":""오늘 작업지시서 전달했고, 다음 주 스케줄 변경 예정""}]","A","KEEP","",""
"INT-RVW-1153","1153","MEDIUM","LONG_EVIDENCE","WRK-763 급여 산정 기준 문의, 기본급과 수당 구조 설명 부탁","[{""intent"":""PAYROLL_EXPLANATION"",""evidence"":""급여 산정 기준 문의, 기본급과 수당 구조 설명 부탁""}]","A","KEEP","",""
"INT-RVW-1161","1161","MEDIUM","LONG_EVIDENCE","WRK-771 급여 세부 내역 문의, 야근수당 계산법 알려줘","[{""intent"":""PAYROLL_EXPLANATION"",""evidence"":""급여 세부 내역 문의, 야근수당 계산법 알려줘""}]","A","KEEP","",""
"INT-RVW-1164","1164","MEDIUM","LEAVE_BOUNDARY","WRK-774 오늘부터 휴가 시작, 대체인력 배치 및 급여는 무급 처리 안내","[{""intent"":""EMPLOYMENT_CHANGE"",""evidence"":""오늘부터 휴가 시작""},{""intent"":""WORK_INSTRUCTION"",""evidence"":""대체인력 배치""},{""intent"":""PAYROLL_EXPLANATION"",""evidence"":""급여는 무급 처리 안내""}]","A","CHANGE","[{""intent"":""WORK_INSTRUCTION"",""evidence"":""대체인력 배치""},{""intent"":""PAYROLL_EXPLANATION"",""evidence"":""급여는 무급 처리 안내""}]","일반 휴가 사실만으로 EMPLOYMENT_CHANGE를 자동 부여하지 않고, 발화에 명시된 실제 후속 업무 Intent만 유지함."
"INT-RVW-1181","1181","MEDIUM","LEAVE_BOUNDARY","WRK-791 휴가 신청, 대체 인력 오늘 오후부터 투입","[{""intent"":""EMPLOYMENT_CHANGE"",""evidence"":""휴가 신청""},{""intent"":""WORK_INSTRUCTION"",""evidence"":""대체 인력 오늘 오후부터 투입""}]","A","CHANGE","[{""intent"":""WORK_INSTRUCTION"",""evidence"":""대체 인력 오늘 오후부터 투입""}]","일반 휴가 사실만으로 EMPLOYMENT_CHANGE를 자동 부여하지 않고, 발화에 명시된 실제 후속 업무 Intent만 유지함."
"INT-RVW-1186","1186","MEDIUM","LONG_EVIDENCE","WRK-796 오늘 무단결근, 오후에 연락 닿아 결근 사유 확인함","[{""intent"":""EMPLOYMENT_CHANGE"",""evidence"":""오늘 무단결근, 오후에 연락 닿아 결근 사유 확인함""}]","A","KEEP","",""
"INT-RVW-1187","1187","MEDIUM","LONG_EVIDENCE","WRK-797: 오늘 새 작업지시서 배포, 라인장 서명 확인 필요","[{""intent"":""WORK_INSTRUCTION"",""evidence"":""오늘 새 작업지시서 배포, 라인장 서명 확인 필요""}]","A","KEEP","",""
"INT-RVW-1191","1191","MEDIUM","LONG_EVIDENCE","WRK-801 여권 받아서 재계약 서류 준비하고, 계약만료일도 재확인해줘","[{""intent"":""DOCUMENT_REQUEST"",""evidence"":""여권 받아서""},{""intent"":""EXPIRY_RENEWAL"",""evidence"":""재계약 서류 준비하고, 계약만료일도 재확인해줘""}]","A","KEEP","",""
"INT-RVW-1193","1193","MEDIUM","LONG_EVIDENCE","WRK-803: 급여 문의, 이번 달 수당 반영 여부 확인 필요","[{""intent"":""PAYROLL_EXPLANATION"",""evidence"":""급여 문의, 이번 달 수당 반영 여부 확인 필요""}]","A","KEEP","",""
"INT-RVW-1201","1201","MEDIUM","LONG_EVIDENCE","WRK-811 오늘 작업 배치 변경, 새 라인장이 지시 전달 예정","[{""intent"":""WORK_INSTRUCTION"",""evidence"":""오늘 작업 배치 변경, 새 라인장이 지시 전달 예정""}]","A","KEEP","",""
"INT-RVW-1205","1205","MEDIUM","LONG_EVIDENCE","WRK-815 급여 세부내역 문의 있어서 공제항목 하나씩 설명함","[{""intent"":""PAYROLL_EXPLANATION"",""evidence"":""급여 세부내역 문의 있어서 공제항목 하나씩 설명함""}]","A","CHANGE","[{""intent"":""OUT_OF_SCOPE"",""evidence"":null}]","새로운 실행 요청 없이 완료·변경 없음·처리 결과만 보고한 문장이므로 OUT_OF_SCOPE로 수정함."
"INT-RVW-1208","1208","MEDIUM","LONG_EVIDENCE","WRK-818 연락두절, 급여 미지급 문제로 인한 잠적 가능성 확인 필요","[{""intent"":""EMPLOYMENT_CHANGE"",""evidence"":""연락두절""},{""intent"":""PAYROLL_EXPLANATION"",""evidence"":""급여 미지급 문제로 인한 잠적 가능성 확인 필요""}]","A","KEEP","",""
"INT-RVW-1211","1211","MEDIUM","LONG_EVIDENCE","WRK-821: 오늘 컨베이어 작업 배정, 초과근무 발생 시 사전 승인 필요","[{""intent"":""WORK_INSTRUCTION"",""evidence"":""오늘 컨베이어 작업 배정, 초과근무 발생 시 사전 승인 필요""}]","A","KEEP","",""
"INT-RVW-1234","1234","MEDIUM","LEAVE_BOUNDARY","WRK-844 휴가 종료, 원복 배치 및 급여 정상 지급 안내","[{""intent"":""EMPLOYMENT_CHANGE"",""evidence"":""휴가 종료""},{""intent"":""WORK_INSTRUCTION"",""evidence"":""원복 배치""},{""intent"":""PAYROLL_EXPLANATION"",""evidence"":""급여 정상 지급 안내""}]","A","CHANGE","[{""intent"":""WORK_INSTRUCTION"",""evidence"":""원복 배치""},{""intent"":""PAYROLL_EXPLANATION"",""evidence"":""급여 정상 지급 안내""}]","일반 휴가 사실만으로 EMPLOYMENT_CHANGE를 자동 부여하지 않고, 발화에 명시된 실제 후속 업무 Intent만 유지함."
"INT-RVW-1268","1268","MEDIUM","LONG_EVIDENCE","WRK-878 오늘 라인 배치 변경, 새 조 편성표 배포함","[{""intent"":""WORK_INSTRUCTION"",""evidence"":""오늘 라인 배치 변경, 새 조 편성표 배포함""}]","A","CHANGE","[{""intent"":""OUT_OF_SCOPE"",""evidence"":null}]","새로운 실행 요청 없이 완료·변경 없음·처리 결과만 보고한 문장이므로 OUT_OF_SCOPE로 수정함."
"INT-RVW-1277","1277","MEDIUM","LONG_EVIDENCE","WRK-887: 급여 문의, 이번 달 야근수당 미반영 확인됨","[{""intent"":""PAYROLL_EXPLANATION"",""evidence"":""급여 문의, 이번 달 야근수당 미반영 확인됨""}]","A","KEEP","",""
"INT-RVW-1302","1302","MEDIUM","LONG_EVIDENCE","WRK-912 급여 지급 방식 변경 안내, 계좌이체로 전환 예정","[{""intent"":""PAYROLL_EXPLANATION"",""evidence"":""급여 지급 방식 변경 안내, 계좌이체로 전환 예정""}]","A","KEEP","",""
"INT-RVW-1304","1304","MEDIUM","LEAVE_BOUNDARY","WRK-914: 오늘 휴가 처리, 급여는 무급 안내","[{""intent"":""EMPLOYMENT_CHANGE"",""evidence"":""오늘 휴가 처리""},{""intent"":""PAYROLL_EXPLANATION"",""evidence"":""급여는 무급 안내""}]","A","CHANGE","[{""intent"":""PAYROLL_EXPLANATION"",""evidence"":""급여는 무급 안내""}]","일반 휴가 사실만으로 EMPLOYMENT_CHANGE를 자동 부여하지 않고, 발화에 명시된 실제 후속 업무 Intent만 유지함."
"INT-RVW-1312","1312","MEDIUM","LONG_EVIDENCE","WRK-922 급여 문의, 이번 달 특근수당 반영 여부 확인 부탁","[{""intent"":""PAYROLL_EXPLANATION"",""evidence"":""급여 문의, 이번 달 특근수당 반영 여부 확인 부탁""}]","A","KEEP","",""
"INT-RVW-1315","1315","MEDIUM","LONG_EVIDENCE","WRK-925: 오늘 라인 배치 이상 없음, 특이 문의도 없음","[{""intent"":""WORK_INSTRUCTION"",""evidence"":""오늘 라인 배치 이상 없음, 특이 문의도 없음""}]","A","CHANGE","[{""intent"":""OUT_OF_SCOPE"",""evidence"":null}]","새로운 실행 요청 없이 완료·변경 없음·처리 결과만 보고한 문장이므로 OUT_OF_SCOPE로 수정함."
"INT-RVW-1332","1332","MEDIUM","LONG_EVIDENCE","WRK-942: 오늘 안전교육 지시, 참석자 명단 확인 요청","[{""intent"":""WORK_INSTRUCTION"",""evidence"":""오늘 안전교육 지시, 참석자 명단 확인 요청""}]","A","CHANGE","[{""intent"":""WORK_INSTRUCTION"",""evidence"":""오늘 안전교육 지시""},{""intent"":""DOCUMENT_REQUEST"",""evidence"":""참석자 명단 확인 요청""}]","작업 지시와 별도로 참석자 명단 확인이 명시되어 DOCUMENT_REQUEST를 추가함."
"INT-RVW-1333","1333","MEDIUM","LEAVE_BOUNDARY","WRK-943 휴가 신청 승인, 급여는 연차수당으로 처리 안내","[{""intent"":""EMPLOYMENT_CHANGE"",""evidence"":""휴가 신청 승인""},{""intent"":""PAYROLL_EXPLANATION"",""evidence"":""급여는 연차수당으로 처리 안내""}]","A","CHANGE","[{""intent"":""PAYROLL_EXPLANATION"",""evidence"":""급여는 연차수당으로 처리 안내""}]","일반 휴가 사실만으로 EMPLOYMENT_CHANGE를 자동 부여하지 않고, 발화에 명시된 실제 후속 업무 Intent만 유지함."
"INT-RVW-1336","1336","MEDIUM","LONG_EVIDENCE","WRK-946 사업장 변경 신청, 체류기간 만료도 임박해서 연장 여부 함께 확인","[{""intent"":""EMPLOYMENT_CHANGE"",""evidence"":""사업장 변경 신청""},{""intent"":""EXPIRY_RENEWAL"",""evidence"":""체류기간 만료도 임박해서 연장 여부 함께 확인""}]","A","KEEP","",""
